DEPARTAMENTO,PROVINCIA,DISTRITO,LATITUD,LONGITUD
LIMA,HUAURA,HUACHO,-11.108524,-77.6103295
LIMA,CANETE,MALA,-12.6577442,-76.6322701
LIMA,LIMA,SAN BORJA,-12.0964515,-76.9956899
LIMA,LIMA,SAN MARTIN DE PORRES,-11.9814786,-77.0963114
LIMA,LIMA,LA VICTORIA,-12.0641355,-77.0295563
LIMA,LIMA,SURQUILLO,-12.1142159,-77.010462
LIMA,LIMA,LINCE,-12.0825223,-77.0310016
LIMA,LIMA,VILLA MARIA DEL TRIUNFO,-12.1766438,-76.9189677
LIMA,LIMA,RIMAC,-12.0266773,-77.0340939
LIMA,LIMA,LIMA,-12.0459808,-77.0305912
LIMA,LIMA,BREÃA,,
CALLAO,CALLAO,CALLAO,-12.0522626,-77.1391133
LIMA,HUAROCHIRI,HUAROCHIRI,-12.1371291,-76.2326596
LIMA,LIMA,SAN MIGUEL,-12.0727512,-77.095353
LIMA,LIMA,SANTIAGO DE SURCO,-12.1251049,-76.9821605
LIMA,LIMA,COMAS,-11.9573015,-77.049757
LIMA,LIMA,VILLA EL SALVADOR,-12.2135031,-76.9370262
LIMA,LIMA,INDEPENDENCIA,-11.9919461,-77.0503721
LIMA,LIMA,SAN JUAN DE MIRAFLORES,-12.1628581,-76.9635192
CUSCO,CUSCO,CUSCO,-13.5170887,-71.9785356
LA LIBERTAD,TRUJILLO,TRUJILLO,-8.1116778,-79.0287742
LIMA,LIMA,SAN JUAN DE LURIGANCHO,-12.0017252,-77.0084106
LIMA,LIMA,SAN LUIS,-12.0736464,-76.9941006
LIMA,LIMA,ATE,-12.0387281,-76.896873
HUANUCO,HUANUCO,HUANUCO,-9.9293255,-76.2394845
CALLAO,CALLAO,VENTANILLA,-11.8846444,-77.1230803
LA LIBERTAD,TRUJILLO,SALAVERRY,-8.2241119,-78.9763929
ANCASH,SANTA,CHIMBOTE,-9.0744966,-78.593609
LIMA,LIMA,EL AGUSTINO,-12.0499251,-76.9987104
LIMA,LIMA,SAN ISIDRO,-12.0989209,-77.0346439
LIMA,HUARAL,HUARAL,-11.4954906,-77.207044
LIMA,LIMA,JESUS MARIA,-12.0751522,-77.043904
ANCASH,PALLASCA,BOLOGNESI,-8.3503897,-78.0506593
ICA,ICA,ICA,-14.0640967,-75.7290915
LIMA,LIMA,MAGDALENA DEL MAR,-12.0957149,-77.0682243
LIMA,BARRANCA,SUPE PUERTO,-10.8045744,-77.7429158
LIMA,LIMA,MIRAFLORES,-12.1206214,-77.0294993
TUMBES,TUMBES,TUMBES,-3.5707875,-80.4596454
LA LIBERTAD,CHEPEN,CHEPEN,-7.2285214,-79.4277749
ICA,NAZCA,NASCA,-14.8277203,-74.9370624
LIMA,LIMA,BARRANCO,-12.1496977,-77.0212908
PIURA,SULLANA,SULLANA,-4.8900643,-80.6873604
ICA,CHINCHA,CHINCHA ALTA,-13.417488,-76.1325726
LAMBAYEQUE,CHICLAYO,CHICLAYO,-6.7716146,-79.8387175
LIMA,HUARAL,CHANCAY,-11.5627697,-77.2699958
AREQUIPA,AREQUIPA,AREQUIPA,-16.3988667,-71.5369607
LIMA,LIMA,CHACLACAYO,-11.9757399,-76.7698706
LIMA,HUAROCHIRI,MATUCANA,-11.8447264,-76.3860598
APURIMAC,ABANCAY,ABANCAY,-13.6373482,-72.8788744
LIMA,LIMA,PUEBLO LIBRE,-12.0778372,-77.062246
LIMA,BARRANCA,BARRANCA,-10.7541212,-77.7609383
CALLAO,CALLAO,LA PERLA,-12.0716034,-77.1173892
ICA,ICA,PARCONA,-14.046921,-75.6987179
LIMA,LIMA,CHORRILLOS,-12.1709478,-77.02126
AYACUCHO,LUCANAS,LUCANAS,-14.6223061,-74.2334344
AMAZONAS,UTCUBAMBA,BAGUA GRANDE,-5.754216,-78.4421686
LIMA,LIMA,LURIN,-12.2733688,-76.8688896
LIMA,LIMA,LOS OLIVOS,-11.9916722,-77.0709115
ICA,PISCO,PISCO,-13.7099813,-76.2029793
LIMA,CANETE,SAN VICENTE DE CAÃETE,,
CAJAMARCA,CUTERVO,SANTA CRUZ,-6.095069,-78.8528691
ANCASH,PALLASCA,PALLASCA,-8.2531116,-77.9990723
ANCASH,SANTA,SANTA,-8.9874476,-78.6136857
SAN MARTIN,MARISCAL CACERE,JUANJUI,,
LA LIBERTAD,ASCOPE,ASCOPE,-7.7138056,-79.1074555
LIMA,LIMA,PUENTE PIEDRA,-11.8667978,-77.0778382
JUNIN,CONCEPCION,CONCEPCION,-11.918435,-75.3130386
LIMA,LIMA,LURIGANCHO,-11.948832,-76.7627012
LIMA,LIMA,LA MOLINA,-12.077983,-76.9172838
JUNIN,SATIPO,SATIPO,-11.2558599,-74.635278
CALLAO,CALLAO,BELLAVISTA,-12.0597362,-77.1111612
LIMA,HUAURA,HUAURA,-11.0701058,-77.5992908
AMAZONAS,RODRIGUEZ DE ME,TOTORA,,
LAMBAYEQUE,LAMBAYEQUE,MOTUPE,-6.1544303,-79.717074
JUNIN,HUANCAYO,EL TAMBO,-11.97218,-75.1473422
CALLAO,CALLAO,LA PUNTA,-12.0708597,-77.1630399
CALLAO,CALLAO,CARMEN DE LA LEGUA REYNOSO,-12.0430586,-77.0908775
LIMA,LIMA,SANTA ANITA,-12.0494148,-76.9645757
LIMA,LIMA,PACHACAMAC,-12.2299109,-76.8593914
UCAYALI,CORONEL PORTILLO,CALLERIA,-7.8964619,-74.1845474
ICA,ICA,PUEBLO NUEVO,-14.1274179,-75.7059308
ICA,CHINCHA,PUEBLO NUEVO,-13.2753213,-76.0881891
ANCASH,CASMA,CASMA,-9.473361,-78.2995738
JUNIN,CHANCHAMAYO,CHANCHAMAYO,-11.059485,-75.4993163
JUNIN,HUANCAYO,HUANCAYO,-12.068098,-75.2100953
CUSCO,LA CONVENCION,SANTA ANA,-12.860782,-72.7440796
AMAZONAS,UTCUBAMBA,YAMON,-6.0077734,-78.5259826
ANCASH,BOLOGNESI,HUALLANCA,-9.8993086,-76.94166
AMAZONAS,CHACHAPOYAS,CHACHAPOYAS,-6.2293182,-77.8714631
JUNIN,JUNIN,CARHUAMAYO,-10.9224563,-76.0578361
HUANUCO,DOS DE MAYO,RIPAN,-9.8284954,-76.8030596
TUMBES,TUMBES,LA CRUZ,-3.6708625,-80.571425
LIMA,LIMA,ANCON,-11.7738789,-77.1753353
CUSCO,CUSCO,SANTIAGO,-13.5702931,-71.9920183
AREQUIPA,CARAVELI,LOMAS,-15.5697817,-74.8513179
LIMA,YAUYOS,OMAS,-12.5147208,-76.2892182
LIMA,HUAROCHIRI,SANTA EULALIA,-11.9012394,-76.6640996
PIURA,PIURA,CASTILLA,-5.115365,-80.5340462
AMAZONAS,UTCUBAMBA,LONYA GRANDE,-6.0965677,-78.4213209
HUANUCO,LEONCIO PRADO,RUPA-RUPA,-9.1990928,-76.1312275
AMAZONAS,BAGUA,BAGUA,-5.6390867,-78.5317246
AMAZONAS,RODRIGUEZ DE ME,SANTA ROSA,,
TACNA,TACNA,TACNA,-18.01386,-70.2511032
CAJAMARCA,CAJAMARCA,CAJAMARCA,-7.1566682,-78.517306
PIURA,PIURA,PIURA,-5.1971376,-80.6267237
AYACUCHO,LUCANAS,AUCARA,-14.2810472,-73.9748656
LORETO,MAYNAS,IQUITOS,-3.749365,-73.2444145
CAJAMARCA,CHOTA,LAJAS,-6.5603051,-78.7347385
LIMA,LIMA,CARABAYLLO,-11.9007232,-77.0330337
SAN MARTIN,MOYOBAMBA,MOYOBAMBA,-6.0347302,-76.9746773
PIURA,TALARA,PARIÃAS,,
SAN MARTIN,TOCACHE,UCHIZA,-8.4590114,-76.4618414
JUNIN,TARMA,TARMA,-11.4199882,-75.6877142
LA LIBERTAD,PACASMAYO,PACASMAYO,-7.4028958,-79.5684847
CAJAMARCA,SAN IGNACIO,SAN IGNACIO,-5.1459194,-79.0036525
LAMBAYEQUE,CHICLAYO,OYOTUN,-6.8456153,-79.3024852
HUANUCO,LEONCIO PRADO,LUYANDO,-9.1962396,-75.9736245
PIURA,PAITA,PAITA,-5.0851637,-81.1136793
AREQUIPA,CONDESUYOS,CHUQUIBAMBA,-15.8393749,-72.6515257
PUNO,SAN ROMAN,JULIACA,-15.4932314,-70.1356177
ANCASH,HUAYLAS,CARAZ,-9.048505,-77.8100573
ANCASH,HUARAZ,HUARAZ,-9.5298511,-77.5289981
ICA,PISCO,TUPAC AMARU INCA,-13.7134024,-76.1490753
LIMA,HUARAL,AUCALLAMA,-11.5619799,-77.1729541
CAJAMARCA,CHOTA,CHIGUIRIP,-6.4281698,-78.7212712
LAMBAYEQUE,CHICLAYO,MONSEFU,-6.8777743,-79.8720043
LIMA,OYON,OYON,-10.6684162,-76.7702437
ICA,ICA,SUBTANJALLA,-14.0184761,-75.7583584
LIMA,BARRANCA,PARAMONGA,-10.6751894,-77.8185202
LAMBAYEQUE,CHICLAYO,JOSE LEONARDO ORTIZ,-6.7420777,-79.8342124
HUANCAVELICA,HUANCAVELICA,HUANCAVELICA,-12.78728,-74.9730951
ICA,PISCO,SAN ANDRES,-13.8081702,-76.0825964
ICA,PISCO,SAN CLEMENTE,-13.6807983,-76.1574626
ANCASH,BOLOGNESI,CHIQUIAN,-10.152032,-77.1568233
AMERICA,CHILE,NAN,,
ANCASH,SANTA,NUEVO CHIMBOTE,-9.1183822,-78.4587932
CAJAMARCA,JAEN,JAEN,-5.7086087,-78.8075898
ICA,CHINCHA,TAMBO DE MORA,-13.4584129,-76.1826425
LAMBAYEQUE,CHICLAYO,PIMENTEL,-6.8358356,-79.9358318
ICA,ICA,TATE,-14.1518067,-75.7044643
TUMBES,TUMBES,CORRALES,-3.5982942,-80.5144147
LA LIBERTAD,SANCHEZ CARRION,HUAMACHUCO,-7.8154676,-78.0487063
ANCASH,CORONGO,YANAC,-8.6219932,-77.8528068
APURIMAC,ANDAHUAYLAS,ANDAHUAYLAS,-13.6564057,-73.3899459
LIMA,LIMA,PUCUSANA,-12.4684687,-76.7724919
APURIMAC,AYMARAES,CHALHUANCA,-14.2945256,-73.2442285
LA LIBERTAD,TRUJILLO,LA ESPERANZA,-8.0633115,-79.0590158
PIURA,MORROPON,SAN JUAN DE BIGOTE,-5.2950235,-79.7442505
AYACUCHO,HUANCA SANCOS,CARAPO,,
LA LIBERTAD,TRUJILLO,FLORENCIA DE MORA,-8.0808282,-79.0220668
LIMA,LIMA,CIENEGUILLA,-12.0731669,-76.777071
AYACUCHO,VICTOR FAJARDO,HUANCAPI,-13.7524539,-74.0663014
LAMBAYEQUE,LAMBAYEQUE,LAMBAYEQUE,-6.1898359,-79.9240312
AYACUCHO,VICTOR FAJARDO,SARHUA,-13.6729102,-74.3198661
CUSCO,CANAS,TUPAC AMARU,-14.1501198,-71.5272851
JUNIN,YAULI,SANTA ROSA DE SACCO,-11.5668007,-75.9561306
CAJAMARCA,SANTA CRUZ,NINABAMBA,-6.6501099,-78.7875763
AREQUIPA,CAMANA,OCOÃA,,
PIURA,AYABACA,PACAIPAMPA,-4.9955057,-79.6679997
HUANUCO,LAURICOCHA,RONDOS,-9.9840194,-76.6890145
TUMBES,ZARUMILLA,PAPAYAL,-3.5705937,-80.2962193
HUANUCO,HUANUCO,AMARILIS,-9.9546102,-76.1800823
LAMBAYEQUE,LAMBAYEQUE,TUCUME,-6.5097858,-79.8594132
AREQUIPA,CARAVELI,ACARI,-15.4357104,-74.616907
CUSCO,CANCHIS,COMBAPATA,-14.1015949,-71.4296335
ICA,CHINCHA,GROCIO PRADO,-13.291163,-76.1546517
CAJAMARCA,CAJAMARCA,ASUNCION,-7.3234733,-78.5185817
LIMA,HUAURA,VEGUETA,-11.0233134,-77.644252
PIURA,HUANCABAMBA,CANCHAQUE,-5.3763541,-79.6062858
TUMBES,ZARUMILLA,ZARUMILLA,-3.5005659,-80.2749876
PIURA,MORROPON,CHULUCANAS,-5.0965065,-80.1609229
JUNIN,HUANCAYO,QUILCAS,-11.9374892,-75.2592954
LAMBAYEQUE,CHICLAYO,TUMAN,-6.7502321,-79.7034148
PASCO,PASCO,PAUCARTAMBO,-10.7746094,-75.8134578
AYACUCHO,HUAMANGA,AYACUCHO,-13.1604269,-74.2256973
LIMA,OYON,PACHANGARA,-10.7811586,-76.8144643
LAMBAYEQUE,CHICLAYO,PATAPO,-6.7380722,-79.6391387
CUSCO,CUSCO,SAN JERONIMO,-13.5585733,-71.8883114
ICA,NAZCA,MARCONA,-15.2155331,-75.0830344
CAJAMARCA,JAEN,LAS PIRIAS,-5.6272504,-78.8525806
LORETO,MAYNAS,PUNCHANA,-3.5107986,-73.4877773
CAJAMARCA,JAEN,BELLAVISTA,-5.6655198,-78.6790967
JUNIN,YAULI,LA OROYA,-11.5213917,-75.8998811
AMERICA,BOLIVIA,NAN,,
ANCASH,SIHUAS,HUAYLLABAMBA,-8.5345307,-77.5670096
HUANUCO,DOS DE MAYO,SILLAPATA,-9.7568791,-76.7747338
JUNIN,CHANCHAMAYO,SAN RAMON,-11.1214018,-75.3521478
CAJAMARCA,SAN MIGUEL,SAN SILVESTRE DE COCHAN,-6.9777058,-78.7741021
HUANUCO,LEONCIO PRADO,JOSE CRESPO Y CASTILLO,-8.8511045,-76.0736301
PASCO,OXAPAMPA,VILLA RICA,-10.7351432,-75.2676019
PUNO,AZANGARO,SAMAN,-15.2915175,-70.0171834
ANCASH,HUARAZ,INDEPENDENCIA,-9.4752071,-77.4955004
ICA,PALPA,TIBILLO,-14.0936575,-75.1719772
CAJAMARCA,SAN IGNACIO,CHIRINOS,-5.3039554,-78.8981584
LIMA,CANETE,IMPERIAL,-13.0610167,-76.3529217
PIURA,TALARA,MANCORA,-4.1030531,-81.0481341
MADRE DE DIOS,TAMBOPATA,TAMBOPATA,-12.187271,-69.8479162
AREQUIPA,AREQUIPA,SOCABAYA,-16.4689321,-71.5380727
HUANCAVELICA,CASTROVIRREYNA,AURAHUA,-13.0345915,-75.5702545
AMAZONAS,BAGUA,ARAMANGO,-5.4166377,-78.4380835
APURIMAC,ANTABAMBA,ANTABAMBA,-14.3647456,-72.8778038
CAJAMARCA,CUTERVO,TORIBIO CASANOVA,-5.9873916,-78.685043
AYACUCHO,LUCANAS,CARMEN SALCEDO,-14.4527315,-73.9643101
CAJAMARCA,CUTERVO,SANTO TOMAS,-6.1513646,-78.6823138
APURIMAC,ANDAHUAYLAS,POMACOCHA,-14.0839961,-73.5909505
AYACUCHO,VICTOR FAJARDO,COLCA,-13.7125385,-74.0335467
ANCASH,CASMA,YAUTAN,-9.5115922,-77.9965053
JUNIN,HUANCAYO,SAPALLANGA,-12.1411903,-75.1578244
ANCASH,HUARMEY,HUARMEY,-10.0687481,-78.152199
PIURA,PAITA,LA HUACA,-4.910049,-80.9617019
PIURA,SULLANA,MARCAVELICA,-4.8816137,-80.7033707
AREQUIPA,CASTILLA,APLAO,-16.0764611,-72.4921172
AYACUCHO,LUCANAS,PUQUIO,-14.6940105,-74.1242183
CAJAMARCA,CUTERVO,CUTERVO,-6.3790362,-78.8157238
SAN MARTIN,LAMAS,LAMAS,-6.4220812,-76.5164123
ANCASH,HUARMEY,CULEBRAS,-9.9501663,-78.2220947
ICA,PISCO,INDEPENDENCIA,-13.6938769,-76.0239074
LAMBAYEQUE,CHICLAYO,ETEN,-6.9074587,-79.8628053
APURIMAC,ANDAHUAYLAS,SAN ANTONIO DE CACHI,-13.7732415,-73.6034516
ICA,ICA,SANTIAGO,-14.1876287,-75.7141887
JUNIN,SATIPO,RIO NEGRO,-11.2083552,-74.6596906
JUNIN,JAUJA,YAULI,-11.7129511,-75.4746334
LAMBAYEQUE,CHICLAYO,LA VICTORIA,-6.8192293,-79.8591182
LORETO,ALTO AMAZONAS,YURIMAGUAS,-5.8951672,-76.1046533
PIURA,PAITA,COLAN,-5.0063013,-81.0588796
LIMA,HUAURA,SANTA MARIA,-11.1175856,-77.4195116
CAJAMARCA,JAEN,SALLIQUE,-5.6583409,-79.3155413
CUSCO,CALCA,TARAY,-13.4275831,-71.8669902
TUMBES,ZARUMILLA,AGUAS VERDES,-3.4818648,-80.2455802
LAMBAYEQUE,FERRENAFE,FERREÃAFE,,
APURIMAC,ANDAHUAYLAS,SANTA MARIA DE CHICMO,-13.6574026,-73.4946575
JUNIN,YAULI,YAULI,-11.6669321,-76.0875396
SAN MARTIN,PICOTA,PICOTA,-6.9202134,-76.3303859
LIMA,HUAROCHIRI,SAN ANTONIO,-11.8064482,-76.7874076
AMAZONAS,LUYA,LUYA VIEJO,-6.1038992,-78.1323497
MOQUEGUA,MARISCAL NIETO,TORATA,-17.0765697,-70.8443485
JUNIN,JAUJA,JAUJA,-11.7751615,-75.5000068
HUANCAVELICA,ACOBAMBA,PAUCARA,-12.7270517,-74.7150305
SAN MARTIN,RIOJA,NUEVA CAJAMARCA,-5.9407861,-77.3092386
LA LIBERTAD,TRUJILLO,EL PORVENIR,-8.0516808,-79.0016911
LAMBAYEQUE,LAMBAYEQUE,JAYANCA,-6.3922485,-79.822774
HUANUCO,HUAMALIES,LLATA,-9.5499479,-76.8156098
SAN MARTIN,RIOJA,RIOJA,-6.0627128,-77.1677322
PIURA,HUANCABAMBA,HUANCABAMBA,-5.2402325,-79.4488035
CAJAMARCA,SAN MIGUEL,SAN MIGUEL,-7.0698752,-78.9291686
LA LIBERTAD,PACASMAYO,SAN JOSE,-7.3500235,-79.4550174
PIURA,PIURA,LAS LOMAS,-4.6578078,-80.2433237
PIURA,AYABACA,AYABACA,-4.6400714,-79.7152245
HUANUCO,HUANUCO,CHINCHAO,-9.6146422,-76.1287916
AYACUCHO,CANGALLO,LOS MOROCHUCOS,-13.4957129,-74.2175281
HUANCAVELICA,TAYACAJA,HUARIBAMBA,-12.2795264,-74.9381957
AMAZONAS,RODRIGUEZ DE ME,LIMABAMBA,,
HUANUCO,AMBO,CONCHAMARCA,-10.0357616,-76.2165665
HUANCAVELICA,CASTROVIRREYNA,SANTA ANA,-13.0718246,-75.140173
AYACUCHO,LUCANAS,SANCOS,-15.0625764,-73.9519436
JUNIN,CHANCHAMAYO,PERENE,-10.9489915,-75.2288746
LIMA,CANETE,NUEVO IMPERIAL,-13.0762769,-76.3177028
JUNIN,SATIPO,PANGOA,-11.7553934,-74.3850308
CAJAMARCA,SAN IGNACIO,TABACONAS,-5.3160315,-79.2831531
PASCO,OXAPAMPA,CHONTABAMBA,-10.602744,-75.4391507
CUSCO,CANCHIS,SICUANI,-14.2729288,-71.2265322
LIMA,HUAURA,SAYAN,-11.1334544,-77.1933953
AYACUCHO,HUANTA,LURICOCHA,-12.8992971,-74.2740319
TACNA,TACNA,CORONEL GREGORIO ALBARRACIN LANCHIPA,-18.103332,-70.2199356
LIMA,BARRANCA,PATIVILCA,-10.6964328,-77.7797843
SAN MARTIN,BELLAVISTA,BELLAVISTA,-7.0554379,-76.5881865
CAJAMARCA,SAN IGNACIO,SAN JOSE DE LOURDES,-5.1031042,-78.9138215
PIURA,PIURA,LA UNION,-5.4043679,-80.7439051
CUSCO,LA CONVENCION,PICHARI,-12.5201296,-73.8282497
LA LIBERTAD,SANTIAGO DE CHU,SANTIAGO DE CHUCO,,
LORETO,MAYNAS,BELEN,-3.849332,-73.2524399
PIURA,PIURA,TAMBO GRANDE,-4.9150244,-80.3561593
LAMBAYEQUE,CHICLAYO,CAYALTI,-6.8922228,-79.5620121
SAN MARTIN,SAN MARTIN,LA BANDA DE SHILCAYO,-6.46767,-76.2716973
CUSCO,URUBAMBA,URUBAMBA,-13.305953,-72.1159706
ICA,ICA,LA TINGUIÃA,,
LIMA,HUAROCHIRI,SAN MATEO,-11.8020525,-76.2392624
LA LIBERTAD,PATAZ,PATAZ,-7.7861211,-77.5934126
AMAZONAS,CHACHAPOYAS,LEVANTO,-6.3082358,-77.899056
PIURA,MORROPON,CHALACO,-5.0409758,-79.7958985
APURIMAC,ANDAHUAYLAS,ANDARAPA,-13.5281931,-73.3657917
CUSCO,CUSCO,POROY,-13.4955245,-72.043601
HUANUCO,HUANUCO,MARGOS,-10.0054151,-76.5230933
PIURA,SECHURA,CRISTO NOS VALGA,-5.5406318,-80.6494892
SAN MARTIN,SAN MARTIN,MORALES,-6.4993514,-76.4204988
CUSCO,URUBAMBA,HUAYLLABAMBA,-13.3382701,-72.0651037
ANCASH,RECUAY,MARCA,-10.0886666,-77.4743087
UCAYALI,CORONEL PORTILLO,YARINACOCHA,-8.3548391,-74.5758217
CUSCO,CANAS,PAMPAMARCA,-14.1473692,-71.4598346
AMAZONAS,BAGUA,IMAZA,-4.9924016,-78.3829771
LIMA,LIMA,PUNTA HERMOSA,-12.2616498,-76.7209567
AYACUCHO,HUAMANGA,SAN JUAN BAUTISTA,-13.2028359,-74.2135037
ANCASH,CARHUAZ,TINCO,-9.2705841,-77.6778452
APURIMAC,ANDAHUAYLAS,SAN JERONIMO,-13.717033,-73.2635275
AYACUCHO,LA MAR,SAN MIGUEL,-13.0126048,-73.9810178
LORETO,MAYNAS,SAN JUAN BAUTISTA,-4.0779873,-73.5219454
SAN MARTIN,TOCACHE,NUEVO PROGRESO,-8.4510319,-76.3259883
APURIMAC,CHINCHEROS,HUACCANA,-13.3880591,-73.6900129
AYACUCHO,PARINACOCHAS,CORACORA,-15.01682,-73.7806339
HUANCAVELICA,CASTROVIRREYNA,TICRAPO,-13.3818012,-75.4324836
ANCASH,HUARI,SAN MARCOS,-9.5241213,-77.1572073
HUANCAVELICA,ANGARAES,ANCHONGA,-12.91312,-74.6914334
ANCASH,YUNGAY,MATACOTO,-9.1770611,-77.7468142
SAN MARTIN,SAN MARTIN,TARAPOTO,-6.4877198,-76.3598708
LIMA,CANETE,SAN LUIS,-13.0487877,-76.4222727
JUNIN,SATIPO,COVIRIALI,-11.2907323,-74.627595
APURIMAC,AYMARAES,CHAPIMARCA,-13.9748039,-73.0650772
AYACUCHO,HUANTA,HUANTA,-12.9398882,-74.2479531
LA LIBERTAD,TRUJILLO,LAREDO,-8.0864545,-78.9594124
PIURA,SULLANA,BELLAVISTA,-4.8895143,-80.6758366
AMAZONAS,RODRIGUEZ DE ME,SAN NICOLAS,,
CAJAMARCA,CELENDIN,CELENDIN,-6.8654175,-78.1454655
CAJAMARCA,CAJAMARCA,CHETILLA,-7.1469797,-78.6727252
AMAZONAS,CONDORCANQUI,NIEVA,-4.8986276,-77.953714
PASCO,DANIEL ALCIDES,YANAHUANCA,-10.4913156,-76.5166359
CAJAMARCA,JAEN,SANTA ROSA,-5.4327549,-78.566755
PIURA,AYABACA,SAPILLICA,-4.7792771,-79.982323
JUNIN,HUANCAYO,CHILCA,-12.0777922,-75.1825684
TUMBES,CONTRALMIRANTE,CASITAS,-4.0907512,-80.6884808
CAJAMARCA,CUTERVO,PIMPINGOS,-6.0619295,-78.7583334
JUNIN,HUANCAYO,PILCOMAYO,-12.0493725,-75.2504039
LA LIBERTAD,CHEPEN,PUEBLO NUEVO,-7.1884224,-79.5149377
ANCASH,CORONGO,ACO,-8.5180029,-77.8833935
JUNIN,CHANCHAMAYO,PICHANAQUI,-11.002808,-74.815139
HUANUCO,AMBO,AMBO,-10.1292012,-76.2042789
LAMBAYEQUE,LAMBAYEQUE,SAN JOSE,-6.7676082,-79.9692879
AYACUCHO,PARINACOCHAS,UPAHUACHO,-14.9071739,-73.3978382
PASCO,OXAPAMPA,HUANCABAMBA,-10.4263436,-75.5245042
ICA,PALPA,PALPA,-14.5336698,-75.1851731
LA LIBERTAD,PACASMAYO,SAN PEDRO DE LLOC,-7.4246919,-79.5032823
LAMBAYEQUE,CHICLAYO,LAGUNAS,-7.0570521,-79.7395957
PUNO,HUANCANE,HUANCANE,-15.2040929,-69.7613717
AMAZONAS,UTCUBAMBA,CUMBA,-5.9356569,-78.6640646
CAJAMARCA,CUTERVO,SOCOTA,-6.2875083,-78.7178366
UCAYALI,CORONEL PORTILLO,MASISEA,-8.6052016,-74.3063279
APURIMAC,GRAU,CHUQUIBAMBILLA,-14.1054248,-72.7079361
HUANUCO,HUACAYBAMBA,CANCHABAMBA,-8.8848281,-77.1233897
CAJAMARCA,CELENDIN,SUCRE,-6.9426948,-78.1356347
PUNO,CHUCUITO,JULI,-16.2132873,-69.4591568
HUANUCO,PUERTO INCA,TOURNAVISTA,-8.9307277,-74.7051197
JUNIN,JAUJA,HUARIPAMPA,-11.8073501,-75.4706937
AYACUCHO,CANGALLO,PARAS,-13.5525049,-74.6274189
AYACUCHO,HUAMANGA,CARMEN ALTO,-13.2051965,-74.243038
PIURA,TALARA,EL ALTO,-4.2679,-81.2191059
PIURA,SULLANA,QUERECOTILLO,-4.8399696,-80.6490343
JUNIN,JAUJA,MUQUI,-11.8332148,-75.4345912
MOQUEGUA,ILO,ILO,-17.6458772,-71.3452005
ANCASH,SANTA,SAMANCO,-9.2618703,-78.4960083
HUANCAVELICA,HUANCAVELICA,ACORIA,-12.6428929,-74.8616179
ICA,PISCO,HUANCANO,-13.600627,-75.6184308
SAN MARTIN,RIOJA,YORONGOS,-6.13897,-77.1441707
CAJAMARCA,SANTA CRUZ,ANDABAMBA,-6.6628214,-78.8172733
AMAZONAS,LUYA,LUYA,-6.1646317,-77.9445731
LIMA,CANETE,ASIA,-12.8033662,-76.4899568
LIMA,CAJATAMBO,GORGOR,-10.6207137,-77.0412384
ANCASH,MARISCAL LUZURR,LLAMA,,
ANCASH,POMABAMBA,HUAYLLAN,-8.8581048,-77.4357709
ANCASH,CARLOS F. FITZC,YAUYA,,
TACNA,TACNA,ALTO DE LA ALIANZA,-17.8003418,-70.2711884
HUANUCO,DOS DE MAYO,YANAS,-9.7144768,-76.750043
SAN MARTIN,MOYOBAMBA,SORITOR,-6.1392924,-77.1021623
ANCASH,PALLASCA,CONCHUCOS,-8.2672086,-77.8536168
ICA,CHINCHA,SUNAMPE,-13.4272798,-76.1642592
LIMA,HUAROCHIRI,CHICLA,-11.7050118,-76.2686321
HUANCAVELICA,CASTROVIRREYNA,CAPILLAS,-13.2931099,-75.5423408
APURIMAC,ABANCAY,LAMBRAMA,-13.8706185,-72.7697418
PIURA,TALARA,LA BREA,-4.7068224,-81.0856268
CAJAMARCA,SAN IGNACIO,LA COIPA,-5.3930466,-78.9061426
ANCASH,CASMA,BUENA VISTA ALTA,-9.4322499,-78.2064343
HUANUCO,LEONCIO PRADO,DANIEL ALOMIA ROBLES,-9.3900137,-75.7439285
JUNIN,TARMA,SAN PEDRO DE CAJAS,-11.2497005,-75.8626754
ANCASH,SANTA,NEPEÃA,,
AMAZONAS,UTCUBAMBA,JAMALCA,-5.8942887,-78.2383681
LIMA,CANETE,CHILCA,-12.5185727,-76.7381488
CUSCO,CUSCO,SAN SEBASTIAN,-13.5336964,-71.9221574
ANCASH,RECUAY,TICAPAMPA,-9.7584487,-77.4438379
LIMA,CANETE,SAN ANTONIO,-12.6422586,-76.6498877
LAMBAYEQUE,FERRENAFE,CAÃARIS,,
AYACUCHO,HUAMANGA,VINCHOS,-13.2419722,-74.3542792
PIURA,MORROPON,SANTA CATALINA DE MOSSA,-5.1310195,-79.8782035
UCAYALI,PADRE ABAD,IRAZOLA,-8.923991,-75.2542005
APURIMAC,ABANCAY,CIRCA,-13.8782102,-72.8756452
PIURA,HUANCABAMBA,SAN MIGUEL DE EL FAIQUE,-5.4018601,-79.6062085
TACNA,TACNA,CIUDAD NUEVA,-17.8513161,-70.1932649
PIURA,MORROPON,LA MATANZA,-5.2106747,-80.0883637
APURIMAC,ANDAHUAYLAS,HUANCARAY,-13.757431,-73.5271021
ICA,CHINCHA,CHINCHA BAJA,-13.4590207,-76.1616928
PASCO,PASCO,PALLANCHACRA,-10.4151535,-76.2352369
AYACUCHO,VILCA HUAMAN,ACCOMARCA,,
AYACUCHO,HUAMANGA,QUINUA,-13.0489862,-74.139323
ANCASH,POMABAMBA,POMABAMBA,-8.8204778,-77.4603745
HUANUCO,AMBO,TOMAY KICHWA,-10.0634101,-76.1907262
APURIMAC,ABANCAY,PICHIRHUA,-13.8611713,-73.073412
HUANUCO,YARAWILCA,CHAVINILLO,,
JUNIN,CONCEPCION,SANTA ROSA DE OCOPA,-11.8766953,-75.2952236
PASCO,PASCO,YANACANCHA,-10.5318269,-76.1842364
AMAZONAS,LUYA,SAN JERONIMO,-6.0036035,-78.0641406
HUANCAVELICA,HUAYTARA,SAN ANTONIO DE CUSICANCHA,-13.4587689,-75.2501559
AMAZONAS,CHACHAPOYAS,MARISCAL CASTILLA,-6.5823766,-77.7698162
JUNIN,JUNIN,JUNIN,-11.0604216,-75.9739075
PUNO,PUNO,PUNO,-15.8405962,-70.0279512
PIURA,PAITA,TAMARINDO,-4.878111,-80.9758162
LA LIBERTAD,TRUJILLO,VICTOR LARCO HERRERA,-8.1403904,-79.044612
JUNIN,JUNIN,ULCUMAYO,-10.9675151,-75.8778743
JUNIN,HUANCAYO,HUAYUCACHI,-12.1382374,-75.2231754
SAN MARTIN,MOYOBAMBA,CALZADA,-6.0295376,-77.066694
CUSCO,LA CONVENCION,VILCABAMBA,-13.1203657,-72.9767532
CAJAMARCA,SAN MARCOS,PEDRO GALVEZ,-7.32439,-78.1841581
LIMA,HUAROCHIRI,SAN DAMIAN,-11.9604895,-76.3288645
PIURA,PIURA,CATACAOS,-5.2654817,-80.6760774
AREQUIPA,CAMANA,MARISCAL CACERES,-16.4757929,-72.8646262
JUNIN,HUANCAYO,SAÃO,,
LAMBAYEQUE,FERRENAFE,PUEBLO NUEVO,-6.6279775,-79.8232905
PUNO,YUNGUYO,OLLARAYA,-16.2338801,-68.9944048
CAJAMARCA,CHOTA,CHOTA,-6.5614846,-78.6509551
SAN MARTIN,TOCACHE,TOCACHE,-8.1887651,-76.510263
LIMA,HUAROCHIRI,RICARDO PALMA,-11.9237472,-76.6649395
HUANUCO,HUACAYBAMBA,HUACAYBAMBA,-9.0378827,-76.9526356
ANCASH,CARLOS F. FITZC,SAN LUIS,,
JUNIN,JAUJA,APATA,-11.8543875,-75.3559523
HUANCAVELICA,CASTROVIRREYNA,CASTROVIRREYNA,-13.2833505,-75.3190792
LAMBAYEQUE,FERRENAFE,PITIPO,-6.5657046,-79.7808727
JUNIN,JAUJA,HUERTAS,-11.7601987,-75.469465
JUNIN,YAULI,CHACAPALPA,-11.716655,-75.8196008
SAN MARTIN,MARISCAL CACERE,PACHIZA,,
AREQUIPA,ISLAY,COCACHACRA,-17.0894045,-71.7592172
CAJAMARCA,CUTERVO,CALLAYUC,-6.1808953,-78.9101946
CAJAMARCA,CHOTA,CHALAMARCA,-6.5031727,-78.4797597
LA LIBERTAD,ASCOPE,CHICAMA,-7.843424,-79.1451857
SAN MARTIN,SAN MARTIN,EL PORVENIR,-6.2582956,-75.8831265
SAN MARTIN,LAMAS,RUMISAPA,-6.4476695,-76.4725566
HUANCAVELICA,CHURCAMPA,PAUCARBAMBA,-12.5540738,-74.5319669
HUANUCO,HUAMALIES,JACAS GRANDE,-9.5399908,-76.7370621
LIMA,CANETE,ZUÃIGA,,
JUNIN,JAUJA,SAN LORENZO,-11.8465945,-75.3832957
CUSCO,LA CONVENCION,ECHARATE,-12.2758235,-72.6886897
APURIMAC,AYMARAES,SAÃAYCA,,
AREQUIPA,AREQUIPA,CHARACATO,-16.448679,-71.3592378
ANCASH,HUARAZ,COCHABAMBA,-9.4948049,-77.8595159
CAJAMARCA,CHOTA,CHIMBAN,-6.2514295,-78.4784639
LORETO,ALTO AMAZONAS,BARRANCA,,
PIURA,SULLANA,MIGUEL CHECA,-5.0806533,-80.7869072
ICA,ICA,SAN JUAN BAUTISTA,-14.0110012,-75.7348892
CUSCO,CALCA,YANATILE,-12.7656631,-72.1355719
LA LIBERTAD,BOLIVAR,BOLIVAR,-7.1539171,-77.7026046
LAMBAYEQUE,LAMBAYEQUE,MORROPE,-6.5403873,-80.0153619
CUSCO,QUISPICANCHI,OROPESA,-13.5944776,-71.7633315
HUANUCO,LEONCIO PRADO,MARIANO DAMASO BERAUN,-9.3947394,-76.0248833
CAJAMARCA,JAEN,SAN JOSE DEL ALTO,-5.4650716,-79.0176281
AYACUCHO,LA MAR,SANTA ROSA,-12.6881982,-73.7354531
LORETO,ALTO AMAZONAS,TENIENTE CESAR LOPEZ ROJAS,-5.94343,-75.786298
UCAYALI,PADRE ABAD,PADRE ABAD,-8.91165,-75.6301604
APURIMAC,CHINCHEROS,ONGOY,-13.4031774,-73.6683759
ANCASH,ASUNCION,ACOCHACA,-9.1148297,-77.3681041
HUANCAVELICA,ACOBAMBA,ACOBAMBA,-12.8425512,-74.5691562
AMAZONAS,UTCUBAMBA,CAJARURO,-5.7369151,-78.4299829
CUSCO,LA CONVENCION,OCOBAMBA,-12.8911407,-72.4320222
ANCASH,CARHUAZ,YUNGAR,-9.3778144,-77.5922693
LAMBAYEQUE,LAMBAYEQUE,PACORA,-6.4282657,-79.8390405
AYACUCHO,HUANTA,LLOCHEGUA,-12.4097623,-73.9060381
LIMA,CANETE,QUILMANA,-12.9495283,-76.3833329
JUNIN,HUANCAYO,SAN AGUSTIN,-11.9900626,-75.2440041
ANCASH,RECUAY,LLACLLIN,-10.1367552,-77.5639828
AMAZONAS,LUYA,SAN FRANCISCO DEL YESO,-6.6274101,-77.8624737
HUANUCO,HUANUCO,PILLCO MARCA,-9.9521512,-76.2508855
ANCASH,HUAYLAS,PAMPAROMAS,-9.0727865,-77.981495
CAJAMARCA,CUTERVO,CUJILLO,-6.1070938,-78.5741191
CAJAMARCA,CHOTA,TACABAMBA,-6.3929949,-78.6112435
ICA,ICA,SAN JOSE DE LOS MOLINOS,-13.9329244,-75.6709597
HUANUCO,AMBO,SAN FRANCISCO,-10.3340887,-76.2850016
CAJAMARCA,CHOTA,CONCHAN,-6.444536,-78.6559814
ICA,ICA,LOS AQUIJES,-14.0963782,-75.6911243
PASCO,PASCO,VICCO,-10.8411114,-76.2360066
CAJAMARCA,CONTUMAZA,YONAN,-7.2849207,-79.1833583
CAJAMARCA,SANTA CRUZ,PULAN,-6.7388038,-78.9204565
AYACUCHO,HUANCA SANCOS,SACSAMARCA,,
ANCASH,HUARI,SAN PEDRO DE CHANA,-9.4714912,-76.98964
PIURA,SECHURA,SECHURA,-5.5575353,-80.8223327
HUANCAVELICA,CASTROVIRREYNA,HUACHOS,-13.2199235,-75.533642
CAJAMARCA,JAEN,POMAHUACA,-5.9318961,-79.2296103
PUNO,AZANGARO,JOSE DOMINGO CHOQUEHUANCA,-15.0353988,-70.3312734
HUANUCO,DOS DE MAYO,MARIAS,-9.5345967,-76.4411642
AREQUIPA,AREQUIPA,ALTO SELVA ALEGRE,-16.3376419,-71.4968918
AREQUIPA,AREQUIPA,CERRO COLORADO,-16.2979991,-71.573948
LA LIBERTAD,PACASMAYO,GUADALUPE,-7.2433206,-79.4703695
CUSCO,CUSCO,WANCHAQ,-13.5293361,-71.9552876
JUNIN,HUANCAYO,HUALHUAS,-11.9716095,-75.2510503
AREQUIPA,AREQUIPA,PAUCARPATA,-16.4210931,-71.474928
HUANUCO,PACHITEA,PANAO,-9.8974849,-75.9942918
CUSCO,ANTA,HUAROCONDO,-13.4151005,-72.2075514
PIURA,MORROPON,SANTO DOMINGO,-5.0291788,-79.8760334
CUSCO,LA CONVENCION,KIMBIRI,-12.6203873,-73.7885096
APURIMAC,ANDAHUAYLAS,PACUCHA,-13.6093405,-73.3438934
LA LIBERTAD,CHEPEN,PACANGA,-7.1713536,-79.485808
ICA,ICA,SALAS,-13.9205918,-75.8852226
JUNIN,HUANCAYO,COLCA,-12.3178258,-75.2231312
CUSCO,CHUMBIVILCAS,CHAMACA,-14.3023791,-71.8525723
LIMA,HUAROCHIRI,SAN PEDRO DE LARAOS,-11.6645634,-76.5400231
LA LIBERTAD,VIRU,CHAO,-8.5390575,-78.6790415
HUANUCO,PACHITEA,UMARI,-9.8731104,-76.0257002
ANCASH,YUNGAY,CASCAPARA,-9.2264043,-77.7169207
HUANCAVELICA,HUANCAVELICA,ASCENSION,-12.8260078,-75.2177268
ANCASH,HUAYLAS,SANTA CRUZ,-8.9086098,-77.7124566
LIMA,LIMA,SAN BARTOLO,-12.3676926,-76.7188027
LA LIBERTAD,PATAZ,CHILLIA,-8.1246309,-77.514993
LIMA,CANETE,LUNAHUANA,-12.9624782,-76.1408756
LAMBAYEQUE,CHICLAYO,REQUE,-6.8652593,-79.8187449
ANCASH,SIHUAS,SICSIBAMBA,-8.6239421,-77.5786158
APURIMAC,AYMARAES,COTARUSE,-14.4155851,-73.2051918
PIURA,SECHURA,BELLAVISTA DE LA UNION,-5.4279042,-80.7456339
AMAZONAS,CHACHAPOYAS,MOLINOPAMPA,-6.208833,-77.6692964
ANCASH,CARHUAZ,MARCARA,-9.3225999,-77.6039415
ICA,ICA,YAUCA DEL ROSARIO,-14.0914702,-75.4206358
JUNIN,TARMA,LA UNION,-11.3628554,-75.8176742
AYACUCHO,VILCA HUAMAN,HUAMBALPA,,
LA LIBERTAD,TRUJILLO,SIMBAL,-7.9763428,-78.8136381
LA LIBERTAD,SANCHEZ CARRION,SARTIMBAMBA,-7.698956,-77.7437094
PASCO,OXAPAMPA,POZUZO,-10.0689006,-75.5507493
HUANUCO,HUAMALIES,PUNCHAO,-9.4623743,-76.8198686
APURIMAC,ABANCAY,CURAHUASI,-13.5422644,-72.695902
AMAZONAS,LUYA,INGUILPATA,-6.2547417,-78.0130499
APURIMAC,ABANCAY,TAMBURCO,-13.6219635,-72.8732864
HUANCAVELICA,CHURCAMPA,CHURCAMPA,-12.7392288,-74.3876787
LIMA,HUAURA,HUALMAY,-11.0967129,-77.6129018
JUNIN,HUANCAYO,INGENIO,-11.8897586,-75.2654169
SAN MARTIN,LAMAS,BARRANQUITA,-6.2518935,-76.0331047
JUNIN,JAUJA,MONOBAMBA,-11.3607901,-75.3266935
HUANUCO,LAURICOCHA,SAN FRANCISCO DE ASIS,-9.9773301,-76.6289428
AMAZONAS,BONGARA,JAZAN,-5.9406895,-78.0214318
LORETO,REQUENA,PUINAHUA,-5.6023188,-74.9306871
HUANCAVELICA,CHURCAMPA,EL CARMEN,-12.7014725,-74.4949864
CAJAMARCA,CHOTA,LLAMA,-6.5146412,-79.1200724
MADRE DE DIOS,TAMBOPATA,LABERINTO,-12.3958812,-70.1366235
PIURA,PIURA,LA ARENA,-5.3466201,-80.710859
LIMA,LIMA,PUNTA NEGRA,-12.2976816,-76.7085823
HUANCAVELICA,HUAYTARA,PILPICHACA,-13.3301641,-74.9769545
CUSCO,URUBAMBA,CHINCHERO,-13.3957999,-72.051771
LIMA,YAUYOS,MADEAN,-12.9445701,-75.777266
LIMA,HUARAL,LAMPIAN,-11.2373725,-76.8394809
JUNIN,JAUJA,JULCAN,-11.759447,-75.4357016
HUANUCO,HUANUCO,SAN PEDRO DE CHAULAN,-10.0902304,-76.4050607
AYACUCHO,HUAMANGA,ACOCRO,-13.2191349,-74.0419472
LIMA,LIMA,SANTA ROSA,-11.796724,-77.1728383
LIMA,BARRANCA,SUPE,-10.7957342,-77.7165813
LIMA,HUAROCHIRI,SANTO DOMINGO DE LOS OLLEROS,-12.218764,-76.5143289
SAN MARTIN,BELLAVISTA,SAN PABLO,-6.8094008,-76.5748696
PASCO,PASCO,CHAUPIMARCA,-10.6978799,-76.2495433
APURIMAC,ANTABAMBA,JUAN ESPINOZA MEDRANO,-14.565667,-72.9059973
PASCO,PASCO,SAN FRANCISCO DE ASIS DE YARUSYACAN,-10.5487072,-76.2330092
CAJAMARCA,CELENDIN,LA LIBERTAD DE PALLAN,-6.7234922,-78.2823411
PIURA,HUANCABAMBA,HUARMACA,-5.5677869,-79.523988
PIURA,MORROPON,MORROPON,-5.1842922,-79.9717204
JUNIN,CHUPACA,CHONGOS BAJO,-12.134336,-75.2680793
CAJAMARCA,SAN IGNACIO,NAMBALLE,-5.0045531,-79.0876516
LAMBAYEQUE,LAMBAYEQUE,ILLIMO,-6.4740731,-79.8551381
ANCASH,BOLOGNESI,CAJACAY,-10.1554525,-77.4396526
PIURA,SULLANA,IGNACIO ESCUDERO,-4.8292109,-80.8861754
CAJAMARCA,SAN MIGUEL,NIEPOS,-6.9264182,-79.1296784
HUANUCO,PUERTO INCA,YUYAPICHIS,-9.6274545,-74.9742276
LAMBAYEQUE,FERRENAFE,MANUEL ANTONIO MESONES MURO,-6.6327784,-79.6761982
PASCO,OXAPAMPA,OXAPAMPA,-10.5744337,-75.4044786
PASCO,OXAPAMPA,PALCAZU,-10.2268546,-75.2824361
SAN MARTIN,HUALLAGA,SAPOSOA,-6.9318423,-76.7724793
CAJAMARCA,SAN PABLO,SAN PABLO,-7.1183111,-78.823435
PIURA,AYABACA,MONTERO,-4.6321507,-79.8289442
LIMA,CANETE,CALANGO,-12.5263389,-76.543787
ANCASH,YUNGAY,YUNGAY,-9.1397639,-77.7446153
CUSCO,PARURO,ACCHA,-13.971146,-71.8315418
MOQUEGUA,ILO,PACOCHA,-17.4371991,-71.3472543
AREQUIPA,AREQUIPA,JOSE LUIS BUSTAMANTE Y RIVERO,-16.4331715,-71.5233141
LORETO,LORETO,TROMPETEROS,-3.0999989,-75.8735112
PIURA,AYABACA,SUYO,-4.5125226,-80.0025827
HUANUCO,HUAMALIES,ARANCAY,-9.1720821,-76.7513311
ANCASH,BOLOGNESI,CANIS,-10.3393199,-77.1693637
LIMA,HUARAL,SUMBILCA,-11.4069011,-76.8194788
LORETO,REQUENA,REQUENA,-5.0636942,-73.8563645
LIMA,HUAURA,CALETA DE CARQUIN,-11.0918364,-77.6283049
JUNIN,TARMA,PALCA,-11.3462905,-75.5689705
ANCASH,HUARI,HUARI,-9.3484957,-77.1722483
HUANUCO,YARAWILCA,OBAS,,
LORETO,MAYNAS,TORRES CAUSANA,-1.1016433,-75.0058097
AMAZONAS,RODRIGUEZ DE ME,LONGAR,,
LA LIBERTAD,JULCAN,JULCAN,-8.0425812,-78.4867336
AMAZONAS,CHACHAPOYAS,LEIMEBAMBA,-6.7079646,-77.8043876
CUSCO,CANCHIS,PITUMARCA,-13.9803842,-71.4173328
LIMA,HUARAL,IHUARI,-11.2130204,-76.9759143
LIMA,CANETE,CERRO AZUL,-13.0248827,-76.479254
ANCASH,SANTA,CACERES DEL PERU,-8.9636086,-78.0655082
HUANUCO,DOS DE MAYO,PACHAS,-9.7069274,-76.771447
CUSCO,ACOMAYA,ACOS,,
LAMBAYEQUE,LAMBAYEQUE,OLMOS,-5.9881884,-79.7472907
ICA,CHINCHA,ALTO LARAN,-13.4423102,-76.0828334
TUMBES,CONTRALMIRANTE,ZORRITOS,-3.680529,-80.6797377
CUSCO,ANTA,LIMATAMBO,-13.4797658,-72.44328
LIMA,HUAROCHIRI,SANGALLAYA,-12.1609655,-76.2290673
PIURA,SECHURA,RINCONADA LLICUAR,-5.4812489,-80.7761797
LA LIBERTAD,TRUJILLO,MOCHE,-8.1714148,-79.008936
LORETO,UCAYALI,PAMPA HERMOSA,-7.3136461,-76.1579562
HUANUCO,HUANUCO,SANTA MARIA DEL VALLE,-9.8628206,-76.1699493
PUNO,MELGAR,SANTA ROSA,-14.607427,-70.7874774
ANCASH,CORONGO,CORONGO,-8.5703883,-77.8981107
MOQUEGUA,MARISCAL NIETO,MOQUEGUA,-17.1938025,-70.9345636
ANCASH,MARISCAL LUZURR,LUCMA,,
HUANUCO,HUAMALIES,MONZON,-9.279636,-76.3963652
SAN MARTIN,TOCACHE,POLVORA,-7.9827602,-76.8468839
CAJAMARCA,HUALGAYOC,HUALGAYOC,-6.7683402,-78.6096155
SAN MARTIN,LAMAS,TABALOSOS,-6.390606,-76.6330602
AYACUCHO,LUCANAS,HUAC-HUAS,-14.1315439,-74.9421837
LORETO,MARISCAL RAMON,PEBAS,-3.3206285,-71.8617562
MADRE DE DIOS,TAMBOPATA,INAMBARI,-12.9734018,-69.9280397
ANCASH,MARISCAL LUZURR,PISCOBAMBA,,
AYACUCHO,HUAMANGA,SANTIAGO DE PISCHA,-13.0648322,-74.3040636
LAMBAYEQUE,CHICLAYO,NUEVA ARICA,-6.8738122,-79.3437522
LAMBAYEQUE,LAMBAYEQUE,SALAS,-6.2740246,-79.6057292
ANCASH,MARISCAL LUZURR,ELEAZAR GUZMAN BARRON,,
JUNIN,TARMA,ACOBAMBA,-11.3525421,-75.6593674
ANCASH,RECUAY,COTAPARACO,-9.9939631,-77.5877341
LA LIBERTAD,SANCHEZ CARRION,COCHORCO,-7.8092809,-77.6869297
HUANCAVELICA,HUAYTARA,HUAYTARA,-13.6044057,-75.3531892
LORETO,MAYNAS,NAPO,-2.0495547,-74.5349201
CUSCO,CANAS,YANAOCA,-14.2169433,-71.4320333
CUSCO,LA CONVENCION,MARANURA,-12.963611,-72.6646521
PIURA,AYABACA,PAIMAS,-4.6269859,-79.9453372
HUANCAVELICA,ANGARAES,CONGALLA,-12.9560195,-74.4922582
LA LIBERTAD,VIRU,VIRU,-8.4169,-78.7623
CAJAMARCA,CELENDIN,CORTEGANA,-6.5132567,-78.3289876
AREQUIPA,CAMANA,JOSE MARIA QUIMPER,-16.5952311,-72.7343311
PIURA,MORROPON,YAMANGO,-5.180941,-79.7506831
AYACUCHO,CANGALLO,CANGALLO,-13.6293556,-74.1435896
AMAZONAS,LUYA,OCUMAL,-6.3544697,-78.1493139
AMAZONAS,CHACHAPOYAS,SAN ISIDRO DE MAINO,-6.3494721,-77.8387903
ANCASH,YUNGAY,RANRAHIRCA,-9.173244,-77.722884
CAJAMARCA,SAN MIGUEL,UNION AGUA BLANCA,-7.1143492,-79.0459094
SAN MARTIN,EL DORADO,SAN JOSE DE SISA,-6.6137307,-76.6949339
LORETO,MAYNAS,MAZAN,-3.4976682,-73.0894632
CUSCO,CALCA,COYA,-13.3863918,-71.8985883
CAJAMARCA,CAJABAMBA,CAJABAMBA,-7.6238807,-78.0464077
SAN MARTIN,RIOJA,AWAJUN,-5.8696697,-77.4574933
CAJAMARCA,SANTA CRUZ,SANTA CRUZ,-6.6287265,-78.9427022
AYACUCHO,LUCANAS,SANTA LUCIA,-14.9782125,-74.523762
ANCASH,OCROS,CONGAS,-10.3371144,-77.4424433
ANCASH,HUAYLAS,HUAYLAS,-8.8722718,-77.8930206
ICA,PALPA,LLIPATA,-14.5632559,-75.2074279
ICA,NAZCA,VISTA ALEGRE,-14.8455251,-74.9439397
HUANCAVELICA,ACOBAMBA,ROSARIO,-12.7211475,-74.5824988
JUNIN,TARMA,HUASAHUASI,-11.2652992,-75.6504254
HUANCAVELICA,HUAYTARA,SANTIAGO DE CHOCORVOS,-13.8253228,-75.2576875
APURIMAC,COTABAMBAS,HAQUIRA,-14.2141274,-72.1883066
CAJAMARCA,CHOTA,QUEROCOTO,-6.3591933,-79.0346121
CAJAMARCA,SAN MIGUEL,CATILLUC,-6.8105859,-78.7281891
AYACUCHO,VICTOR FAJARDO,ALCAMENCA,-13.6383605,-74.1931859
HUANCAVELICA,TAYACAJA,PAMPAS,-12.3987428,-74.8684404
JUNIN,JAUJA,LLOCLLAPAMPA,-11.8173673,-75.6243185
HUANUCO,PACHITEA,CHAGLLA,-9.8449412,-75.9030616
JUNIN,CHANCHAMAYO,VITOC,-11.2101234,-75.3345823
ANCASH,SIHUAS,CHINGALPO,-8.3387758,-77.5973209
UCAYALI,CORONEL PORTILLO,CAMPOVERDE,-8.5588272,-74.8123395
ICA,PISCO,HUMAY,-13.7225359,-75.8866165
CUSCO,ANTA,ANTA,-13.4715992,-72.1487471
LORETO,MARISCAL RAMON,YAVARI,-4.5837236,-72.4931689
LORETO,UCAYALI,CONTAMANA,-7.3504619,-75.0090611
APURIMAC,GRAU,GAMARRA,-13.8479987,-72.5577099
AREQUIPA,CARAVELI,CHALA,-15.8659492,-74.2468396
ANCASH,CARHUAZ,CARHUAZ,-9.2817496,-77.646261
ANCASH,HUARAZ,PIRA,-9.5809526,-77.7073122
AYACUCHO,HUAMANGA,ACOS VINCHOS,-13.119796,-74.0675347
APURIMAC,AYMARAES,SORAYA,-14.1649354,-73.3149477
CAJAMARCA,SAN PABLO,SAN LUIS,-7.1572916,-78.8679074
AMAZONAS,LUYA,TRITA,-6.1555302,-77.9810816
ICA,CHINCHA,SAN PEDRO DE HUACARPANA,-13.0488651,-75.6480135
AREQUIPA,CASTILLA,PAMPACOLCA,-15.714582,-72.5736223
ANCASH,MARISCAL LUZURR,CASCA,,
PUNO,AZANGARO,ASILLO,-14.7865915,-70.3540033
CAJAMARCA,CUTERVO,SAN ANDRES DE CUTERVO,-6.238498,-78.7123154
CAJAMARCA,JAEN,COLASAY,-5.9788585,-79.068558
ANCASH,CARHUAZ,SHILLA,-9.2314633,-77.6251464
AYACUCHO,CANGALLO,TOTOS,-13.5678812,-74.5228823
CUSCO,LA CONVENCION,HUAYOPATA,-13.0038895,-72.5929645
LIMA,HUAROCHIRI,SANTA CRUZ DE COCACHACRA,-11.91119,-76.5408987
ANCASH,YUNGAY,MANCOS,-9.1903264,-77.7123186
SAN MARTIN,MOYOBAMBA,JEPELACIO,-6.108003,-76.9150054
SAN MARTIN,RIOJA,ELIAS SOPLIN VARGAS,-6.042815,-77.3011144
SAN MARTIN,HUALLAGA,PISCOYACU,-6.9801213,-76.767558
HUANUCO,AMBO,SAN RAFAEL,-10.3378964,-76.182284
PIURA,HUANCABAMBA,EL CARMEN DE LA FRONTERA,-5.0077344,-79.3601521
CAJAMARCA,HUALGAYOC,BAMBAMARCA,-6.68221,-78.5201491
TACNA,JORGE BASADRE,ITE,-17.8613864,-70.9653363
APURIMAC,CHINCHEROS,ANCO_HUALLO,-13.5468039,-73.6667522
LA LIBERTAD,PATAZ,TAYABAMBA,-8.275946,-77.2962826
SAN MARTIN,BELLAVISTA,SAN RAFAEL,-7.0236238,-76.4644594
AYACUCHO,PARINACOCHAS,SAN FRANCISCO DE RIVACAYCO,,
CAJAMARCA,JAEN,CHONTALI,-5.6460405,-79.0880569
PIURA,AYABACA,JILILI,-4.5850028,-79.7971628
LA LIBERTAD,TRUJILLO,HUANCHACO,-8.0794934,-79.1202668
LIMA,YAUYOS,CATAHUASI,-12.7996775,-75.8918762
ANCASH,SIHUAS,SAN JUAN,-8.6691267,-77.6263344
LAMBAYEQUE,LAMBAYEQUE,MOCHUMI,-6.5474461,-79.8645893
PUNO,LAMPA,LAMPA,-15.3644309,-70.3666168
HUANCAVELICA,TAYACAJA,HUACHOCOLPA,-12.0482665,-74.5945785
LIMA,HUAURA,AMBAR,-10.7563177,-77.2719717
AMAZONAS,BONGARA,FLORIDA,-5.8262269,-77.9691875
HUANUCO,MARANON,HUACRACHUCO,-8.604487,-77.1492362
JUNIN,HUANCAYO,PUCARA,-12.1725957,-75.1454737
PASCO,OXAPAMPA,PUERTO BERMUDEZ,-10.2956757,-74.9369004
ANCASH,RECUAY,RECUAY,-9.722026,-77.4561556
ANCASH,CARLOS F. FITZC,SAN NICOLAS,,
ANCASH,CARHUAZ,SAN MIGUEL DE ACO,-9.3427297,-77.4300747
HUANUCO,PUERTO INCA,CODO DEL POZUZO,-9.6468447,-75.4831107
PUNO,MOHO,MOHO,-15.3607727,-69.4998358
PUNO,MELGAR,ORURILLO,-14.7274934,-70.5117338
APURIMAC,GRAU,CURPAHUASI,-14.0635189,-72.670309
CUSCO,CUSCO,SAYLLA,-13.5702475,-71.8271365
LIMA,HUAURA,CHECRAS,-10.932856,-76.8325384
CAJAMARCA,CONTUMAZA,CONTUMAZA,-7.36625,-78.8051109
ANCASH,PALLASCA,HUACASCHUQUE,-8.3064787,-78.0043934
LA LIBERTAD,OTUZCO,OTUZCO,-7.9024691,-78.5656753
PIURA,PIURA,CURA MORI,-5.3641357,-80.6021647
AYACUCHO,HUANTA,IGUAIN,-12.9768506,-74.2063522
AYACUCHO,VILCA HUAMAN,SAURAMA,,
AYACUCHO,PARINACOCHAS,PUYUSCA,-15.2779216,-73.5681304
LIMA,YAUYOS,ALIS,-12.2809581,-75.786431
PIURA,AYABACA,FRIAS,-4.9316303,-79.9473728
CAJAMARCA,JAEN,PUCARA,-6.0418131,-79.1300978
PUNO,EL COLLAO,SANTA ROSA,-16.7616495,-69.8556014
JUNIN,JAUJA,HUAMALI,-11.8070005,-75.4240414
AREQUIPA,ISLAY,MOLLENDO,-17.0292533,-72.0155447
LA LIBERTAD,TRUJILLO,ALTO TRUJILLO,-8.062749,-79.0100315
ANCASH,HUARMEY,HUAYAN,-9.8750801,-77.7081362
CUSCO,ESPINAR,COPORAQUE,-14.8007408,-71.5317853
AREQUIPA,CARAVELI,CARAVELI,-15.7723728,-73.365537
AREQUIPA,AREQUIPA,JACOBO HUNTER,-16.4591236,-71.5689479
APURIMAC,CHINCHEROS,OCOBAMBA,-13.482545,-73.5603855
JUNIN,JAUJA,TUNAN MARCA,-11.6968685,-75.604937
TUMBES,ZARUMILLA,MATAPALO,-3.7555317,-80.2522386
PIURA,SECHURA,VICE,-5.4216102,-80.7742613
LIMA,YAUYOS,YAUYOS,-12.4596576,-75.9187003
AREQUIPA,AREQUIPA,CAYMA,-16.2793942,-71.4603116
AMERICA,VENEZUELA,NAN,,
LA LIBERTAD,SANCHEZ CARRION,MARCABAL,-7.7060639,-78.0333428
LIMA,CANTA,SANTA ROSA DE QUIVES,-11.6677416,-76.7876655
CAJAMARCA,CUTERVO,SAN JUAN DE CUTERVO,-6.1634022,-78.5978979
AREQUIPA,AREQUIPA,YANAHUARA,-16.3881818,-71.5420539
CAJAMARCA,SANTA CRUZ,LA ESPERANZA,-6.5929359,-78.8957639
APURIMAC,CHINCHEROS,CHINCHEROS,-13.5180507,-73.7226614
AMAZONAS,RODRIGUEZ DE ME,OMIA,,
AMAZONAS,RODRIGUEZ DE ME,HUAMBO,,
AMAZONAS,RODRIGUEZ DE ME,CHIRIMOTO,,
ANCASH,SIHUAS,SIHUAS,-8.5546662,-77.6312635
JUNIN,YAULI,SUITUCANCHA,-11.7879517,-75.9370765
CAJAMARCA,CHOTA,ANGUIA,-6.3414242,-78.605603
MADRE DE DIOS,MANU,FITZCARRALD,-12.0164673,-70.9139793
AYACUCHO,HUANCA SANCOS,SANCOS,,
JUNIN,JAUJA,POMACANCHA,-11.6347181,-75.6842784
PASCO,DANIEL ALCIDES,SANTA ANA DE TUSI,-10.472166,-76.3538212
JUNIN,CHANCHAMAYO,SAN LUIS DE SHUARO,-10.8887276,-75.288652
SAN MARTIN,RIOJA,PARDO MIGUEL,-5.7219212,-77.6170864
SAN MARTIN,SAN MARTIN,SAN ANTONIO,-6.3966231,-76.388894
PUNO,SANDIA,PHARA,-14.1522467,-69.6652072
CUSCO,CHUMBIVILCAS,VELILLE,-14.5101172,-71.8846039
APURIMAC,AYMARAES,CARAYBAMBA,-14.3780802,-73.1606841
SAN MARTIN,EL DORADO,SAN MARTIN,-6.4095133,-76.8712581
AMAZONAS,LUYA,CAMPORREDONDO,-6.2152175,-78.3203232
ANCASH,HUARAZ,PARIACOTO,-9.5592582,-77.89055
CUSCO,CANAS,KUNTURKANKI,-14.5267446,-71.2943347
HUANUCO,LEONCIO PRADO,HERMILIO VALDIZAN,-9.1388577,-75.8828696
APURIMAC,ANDAHUAYLAS,TALAVERA,-13.6537135,-73.4290221
CAJAMARCA,CELENDIN,JOSE GALVEZ,-6.9262185,-78.1593617
PUNO,AZANGARO,AZANGARO,-14.9095426,-70.1956194
TACNA,JORGE BASADRE,LOCUMBA,-17.6138491,-70.7623551
HUANUCO,PACHITEA,MOLINO,-9.910194,-76.0164374
AYACUCHO,HUAMANGA,JESUS NAZARENO,-13.1231549,-74.2020312
CAJAMARCA,HUALGAYOC,CHUGUR,-6.6706526,-78.7385194
JUNIN,HUANCAYO,PARIAHUANCA,-12.0289904,-74.8522455
HUANCAVELICA,HUANCAVELICA,VILCA,-12.4773763,-75.1834515
AYACUCHO,PAUCAR DEL SARA,PAUSA,-15.2789471,-73.3443491
HUANUCO,HUANUCO,QUISQUI (KICHKI),,
CUSCO,ESPINAR,ESPINAR,-14.9140687,-71.342938
PIURA,HUANCABAMBA,SONDORILLO,-5.3391518,-79.4289116
ANCASH,CARHUAZ,ANTA,-9.3576692,-77.5985103
ICA,CHINCHA,EL CARMEN,-13.4970846,-76.0697065
LORETO,LORETO,URARINAS,-4.2547901,-75.4420923
HUANCAVELICA,CASTROVIRREYNA,HUAMATAMBO,-13.1043837,-75.6900782
AYACUCHO,LUCANAS,CHIPAO,-14.3658713,-73.87626
LIMA,LIMA,SANTA MARIA DEL MAR,-12.4081231,-76.7663191
LAMBAYEQUE,FERRENAFE,INCAHUASI,-6.2356517,-79.3167892
JUNIN,JAUJA,MUQUIYAUYO,-11.8138007,-75.4538897
PIURA,SULLANA,SALITRAL,-4.8574486,-80.6812018
AYACUCHO,PAUCAR DEL SARA,CORCULLA,-15.2631753,-73.2005622
CAJAMARCA,SANTA CRUZ,UTICYACU,-6.6065559,-78.793839
AYACUCHO,SUCRE,MORCOLLA,-14.1086995,-73.8722162
JUNIN,JAUJA,ACOLLA,-11.7314085,-75.5464856
HUANCAVELICA,ACOBAMBA,CAJA,-12.9155215,-74.4661521
LA LIBERTAD,GRAN CHIMU,CASCAS,-7.479441,-78.819392
CUSCO,CALCA,CALCA,-13.3216818,-71.9560084
AREQUIPA,CARAVELI,ATIQUIPA,-15.7958563,-74.3636272
HUANUCO,HUANUCO,CHURUBAMBA,-9.8256913,-76.133709
PUNO,PUNO,SAN ANTONIO,-16.0936915,-70.3224035
LORETO,ALTO AMAZONAS,LAGUNAS,-5.2269531,-75.6796596
CUSCO,CHUMBIVILCAS,SANTO TOMAS,-14.4500414,-72.081998
CAJAMARCA,SAN MIGUEL,NANCHOC,-6.9595289,-79.2427447
AYACUCHO,LA MAR,AYNA,-12.7248189,-73.90596
APURIMAC,GRAU,HUAYLLATI,-13.9283772,-72.4844917
LIMA,YAUYOS,HUAÃEC,,
CUSCO,CALCA,SAN SALVADOR,-13.4923138,-71.7783551
PIURA,SULLANA,LANCONES,-4.4252883,-80.5916729
AYACUCHO,SUCRE,PAICO,-14.0383594,-73.6421391
HUANCAVELICA,TAYACAJA,PAZOS,-12.259004,-75.0704157
PUNO,YUNGUYO,UNICACHI,-16.2239052,-68.9811036
SAN MARTIN,HUALLAGA,TINGO DE SAPOSOA,-7.068307,-76.6491236
MADRE DE DIOS,TAMBOPATA,LAS PIEDRAS,-12.2789796,-69.1508022
ANCASH,OCROS,SANTIAGO DE CHILCAS,-10.4384792,-77.3661877
JUNIN,HUANCAYO,HUANCAN,-12.1062776,-75.2167958
AYACUCHO,CANGALLO,MARIA PARADO DE BELLIDO,-13.5589775,-74.2959621
LIMA,HUAROCHIRI,SAN MATEO DE OTAO,-11.8364257,-76.5222404
LAMBAYEQUE,CHICLAYO,SAÃA,,
JUNIN,CHUPACA,AHUAC,-12.0856856,-75.3207776
AMAZONAS,RODRIGUEZ DE ME,MARISCAL BENAVIDES,,
CAJAMARCA,SAN MIGUEL,EL PRADO,-7.0336496,-79.0111824
ICA,NAZCA,CHANGUILLO,-14.6639776,-75.222762
PUNO,EL COLLAO,ILAVE,-16.086789,-69.6385874
LA LIBERTAD,ASCOPE,PAIJAN,-7.7342569,-79.3032804
JUNIN,CONCEPCION,COMAS,-11.6578955,-74.9817936
HUANUCO,DOS DE MAYO,CHUQUIS,-9.6773548,-76.7047049
JUNIN,JAUJA,MASMA,-11.7856862,-75.4263838
APURIMAC,ANDAHUAYLAS,PAMPACHIRI,-14.1870656,-73.5445298
JUNIN,HUANCAYO,HUACRAPUQUIO,-12.1736583,-75.2190435
CAJAMARCA,CHOTA,CHOROPAMPA,-6.3720964,-78.377002
PIURA,AYABACA,SICCHEZ,-4.5701333,-79.7639691
TACNA,TACNA,POCOLLAY,-18.0098398,-70.1038612
CAJAMARCA,CAJAMARCA,ENCAÃADA,,
CAJAMARCA,CAJAMARCA,NAMORA,-7.2021381,-78.3253016
AREQUIPA,CAYLLOMA,LLUTA,-16.0156408,-72.0141048
AREQUIPA,AREQUIPA,LA JOYA,-16.4235536,-71.8178329
LAMBAYEQUE,CHICLAYO,SANTA ROSA,-6.8792983,-79.9224844
HUANUCO,LAURICOCHA,JIVIA,-10.0238918,-76.6805659
AYACUCHO,LA MAR,TAMBO,-12.9481515,-74.0201903
PUNO,MELGAR,MACARI,-14.7708759,-70.9025677
PUNO,HUANCANE,TARACO,-15.2978079,-69.9783213
SAN MARTIN,PICOTA,BUENOS AIRES,-6.7911007,-76.3270921
JUNIN,HUANCAYO,HUASICANCHA,-12.3320127,-75.2821253
APURIMAC,GRAU,MICAELA BASTIDAS,-14.1353281,-72.5915384
PASCO,DANIEL ALCIDES,CHACAYAN,-10.4342238,-76.4374809
AMAZONAS,BONGARA,CHISQUILLA,-5.902208,-77.7276305
CAJAMARCA,CAJABAMBA,CONDEBAMBA,-7.5324512,-78.0953763
JUNIN,CONCEPCION,MATAHUASI,-11.8937662,-75.3439685
LORETO,MAYNAS,FERNANDO LORES,-4.2585911,-73.0632445
HUANUCO,MARANON,SAN BUENAVENTURA,-8.7676146,-77.1859476
SAN MARTIN,HUALLAGA,ALTO SAPOSOA,-6.5916908,-76.9370633
AMAZONAS,RODRIGUEZ DE ME,COCHAMAL,,
ANCASH,HUARI,PONTO,-9.3258105,-77.0043962
TACNA,TACNA,CALANA,-17.9388968,-70.1862051
CAJAMARCA,CHOTA,COCHABAMBA,-6.474381,-78.8851926
ANCASH,CASMA,COMANDANTE NOEL,-9.5090573,-78.3430699
AREQUIPA,CARAVELI,BELLA UNION,-15.450167,-74.6578278
TUMBES,TUMBES,PAMPAS DE HOSPITAL,-3.8452253,-80.3899845
CAJAMARCA,CAJAMARCA,MAGDALENA,-7.2246172,-78.6311663
CAJAMARCA,SANTA CRUZ,SAUCEPAMPA,-6.6906321,-78.9166193
HUANCAVELICA,ACOBAMBA,ANDABAMBA,-12.6937656,-74.6237846
JUNIN,JAUJA,MOLINOS,-11.5950815,-75.3285178
HUANCAVELICA,ANGARAES,LIRCAY,-12.9895611,-74.720505
ANCASH,HUARI,MASIN,-9.3656974,-77.0966764
PIURA,TALARA,LOS ORGANOS,-4.179643,-81.1286825
AREQUIPA,CONDESUYOS,YANAQUIHUA,-15.7757447,-72.8765355
AYACUCHO,LUCANAS,CABANA,-14.2885572,-73.9671215
MADRE DE DIOS,MANU,MANU,-12.3870413,-71.5115649
AYACUCHO,HUAMANGA,CHIARA,-13.2732192,-74.205806
LIMA,HUAROCHIRI,SURCO,-11.8678175,-76.4576592
LIMA,YAUYOS,HUANGASCAR,-12.8989937,-75.8314747
JUNIN,HUANCAYO,SANTO DOMINGO DE ACOBAMBA,-11.7688897,-74.7951955
LIMA,YAUYOS,VIÃAC,,
LIMA,CAJATAMBO,HUANCAPON,-10.5494434,-77.1120091
APURIMAC,ANDAHUAYLAS,KISHUARA,-13.6913922,-73.1186407
AYACUCHO,SUCRE,SAN SALVADOR DE QUIJE,-13.9684014,-73.7347073
HUANUCO,YARAWILCA,JACAS CHICO,,
UCAYALI,CORONEL PORTILLO,IPARIA,-9.3062896,-74.4356449
APURIMAC,ANDAHUAYLAS,HUAYANA,-14.0506668,-73.6092884
JUNIN,JAUJA,PANCAN,-11.7487988,-75.4863444
ANCASH,HUARAZ,HUANCHAY,-9.7235947,-77.8184585
HUANUCO,AMBO,HUACAR,-10.2043213,-76.2766508
CUSCO,ANTA,MOLLEPATA,-13.5086248,-72.5276403
CAJAMARCA,SAN IGNACIO,HUARANGO,-5.2728294,-78.7758172
APURIMAC,ANDAHUAYLAS,HUANCARAMA,-13.6451805,-73.0855794
AYACUCHO,VICTOR FAJARDO,APONGO,-14.0132331,-73.9324818
CUSCO,ESPINAR,PICHIGUA,-14.6777982,-71.4063142
CAJAMARCA,SAN PABLO,TUMBADEN,-7.0249393,-78.7397496
LORETO,MAYNAS,LAS AMAZONAS,-3.6036304,-72.4786307
CUSCO,ANTA,ZURITE,-13.4554756,-72.2554716
LORETO,LORETO,PARINARI,-4.6305467,-74.4597653
HUANUCO,HUAMALIES,TANTAMAYO,-9.3924337,-76.7200432
LIMA,YAUYOS,LINCHA,-12.7998307,-75.6672126
LIMA,CAJATAMBO,COPA,-10.3863994,-77.0792248
LIMA,CANETE,PACARAN,-12.8661506,-76.0545357
HUANCAVELICA,TAYACAJA,SALCAHUASI,-12.1037609,-74.7515924
AMAZONAS,LUYA,SANTA CATALINA,-6.077409,-78.0957726
LORETO,UCAYALI,SARAYACU,-6.3969342,-75.2180436
LORETO,UCAYALI,PADRE MARQUEZ,-7.8670293,-74.8994093
CAJAMARCA,SANTA CRUZ,YAUYUCAN,-6.6824506,-78.8410093
AYACUCHO,HUAMANGA,SAN JOSE DE TICLLAS,-13.1188952,-74.3241155
ANCASH,ANTONIO RAYMOND,LLAMELLIN,,
PUNO,MELGAR,LLALLI,-14.9469209,-70.8799195
HUANUCO,DOS DE MAYO,LA UNION,-9.8284557,-76.8013469
SAN MARTIN,LAMAS,CAYNARACHI,-6.1916889,-76.3173428
APURIMAC,CHINCHEROS,RANRACANCHA,-13.5328741,-73.6057901
ANCASH,RECUAY,PARARIN,-10.0503938,-77.654616
AREQUIPA,AREQUIPA,MIRAFLORES,-16.3501806,-71.46244
JUNIN,JAUJA,LEONOR ORDOÃEZ,,
APURIMAC,COTABAMBAS,CHALLHUAHUACHO,-14.1186814,-72.2465114
PIURA,MORROPON,BUENOS AIRES,-5.2670919,-79.9675926
HUANCAVELICA,TAYACAJA,COLCABAMBA,-12.4109277,-74.6809318
ANCASH,HUARAZ,JANGAS,-9.4006,-77.5772088
ANCASH,ANTONIO RAYMOND,ACZO,,
ANCASH,MARISCAL LUZURR,LLUMPA,,
HUANCAVELICA,TAYACAJA,AHUAYCHA,-12.4074359,-74.8914236
CUSCO,CALCA,PISAC,-13.4210472,-71.850496
SAN MARTIN,SAN MARTIN,JUAN GUERRA,-6.5832708,-76.3299295
HUANCAVELICA,HUAYTARA,QUERCO,-13.9795156,-74.9768017
JUNIN,JAUJA,YAUYOS,-11.799505,-75.5129163
HUANUCO,PUERTO INCA,PUERTO INCA,-9.2605438,-74.8847598
MADRE DE DIOS,MANU,MADRE DE DIOS,-12.6672461,-70.6339897
ANCASH,HUARAZ,OLLEROS,-9.6669506,-77.4663377
ICA,ICA,PACHACUTEC,-14.1542383,-75.6548219
AYACUCHO,LA MAR,LUIS CARRANZA,-13.2429701,-73.8808127
CAJAMARCA,SAN MIGUEL,LA FLORIDA,-6.8696112,-79.1220288
AREQUIPA,CAYLLOMA,MAJES,-16.3242988,-72.2878298
AREQUIPA,CARAVELI,CHAPARRA,-15.7388369,-73.8618503
AMAZONAS,LUYA,LAMUD,-6.1390013,-77.9519237
CAJAMARCA,JAEN,HUABAL,-5.6128756,-78.8996429
SAN MARTIN,MARISCAL CACERE,PAJARILLO,,
PUNO,LAMPA,CALAPUJA,-15.3101475,-70.2217662
CAJAMARCA,CUTERVO,QUEROCOTILLO,-6.2735837,-79.0381664
LA LIBERTAD,PATAZ,PARCOY,-8.0337074,-77.4796539
JUNIN,JAUJA,PARCO,-11.8010541,-75.5430543
AMAZONAS,BAGUA,LA PECA,-5.6122226,-78.4373718
LIMA,HUAROCHIRI,LANGA,-12.1256616,-76.4212701
CAJAMARCA,CAJABAMBA,SITACOCHA,-7.491877,-77.8999671
SAN MARTIN,SAN MARTIN,CHAZUTA,-6.5719404,-76.1342717
LORETO,LORETO,NAUTA,-4.5070455,-73.5740018
AREQUIPA,CAYLLOMA,CALLALLI,-15.5067505,-71.4450569
AREQUIPA,CAYLLOMA,HUANCA,-16.0339106,-71.8779638
AREQUIPA,CAMANA,SAMUEL PASTOR,-16.598135,-72.6674111
CAJAMARCA,SANTA CRUZ,CHANCAYBAÃOS,,
CUSCO,CANCHIS,MARANGANI,-14.3573737,-71.1686419
HUANCAVELICA,HUANCAVELICA,MOYA,-12.4232508,-75.1538265
PUNO,PUNO,CAPACHICA,-15.6420185,-69.8307928
CAJAMARCA,CUTERVO,SANTO DOMINGO DE LA CAPILLA,-6.2445336,-78.8553076
AYACUCHO,PAUCAR DEL SARA,SAN JOSE DE USHUA,-15.2247933,-73.2267347
AYACUCHO,LA MAR,ANCO,-13.11681,-73.6904625
JUNIN,HUANCAYO,SAN JERONIMO DE TUNAN,-11.9490237,-75.2827119
LIMA,YAUYOS,HONGOS,-12.8104765,-75.7652182
AREQUIPA,AREQUIPA,TIABAYA,-16.4632387,-71.6048807
CAJAMARCA,CAJABAMBA,CACHACHI,-7.4487528,-78.2686919
AYACUCHO,LUCANAS,SAN PEDRO,-14.7671803,-74.0976631
SAN MARTIN,EL DORADO,SANTA ROSA,-6.7463029,-76.6233355
AMAZONAS,LUYA,COLCAMAR,-6.2994624,-77.9728542
HUANUCO,HUACAYBAMBA,COCHABAMBA,-9.0950192,-76.8366288
CUSCO,QUISPICANCHI,CUSIPATA,-13.9066376,-71.5028038
HUANCAVELICA,HUAYTARA,QUITO-ARMA,-13.5285368,-75.3275782
HUANUCO,LAURICOCHA,JESUS,-10.0781114,-76.6315739
APURIMAC,CHINCHEROS,URANMARCA,-13.6724291,-73.6695595
AREQUIPA,AREQUIPA,MARIANO MELGAR,-16.3659477,-71.453062
ANCASH,HUAYLAS,MATO,-8.9587585,-77.8921507
CAJAMARCA,SANTA CRUZ,CATACHE,-6.6739084,-79.0326561
AYACUCHO,PAUCAR DEL SARA,LAMPA,-15.1850858,-73.3485703
APURIMAC,AYMARAES,TINTAY,-13.9596179,-73.1851069
LORETO,MARISCAL RAMON,SAN PABLO,-3.7162678,-71.3968802
AYACUCHO,VILCA HUAMAN,VISCHONGO,,
ICA,PALPA,SANTA CRUZ,-14.4530297,-75.2393876
UCAYALI,ATALAYA,RAIMONDI,-10.7344446,-73.7583717
CAJAMARCA,CHOTA,TOCMOCHE,-6.4129611,-79.3607734
HUANCAVELICA,HUAYTARA,AYAVI,-13.9512196,-75.2652821
AMAZONAS,CHACHAPOYAS,SOLOCO,-6.2603269,-77.7447758
CUSCO,URUBAMBA,OLLANTAYTAMBO,-13.2586458,-72.2636012
HUANUCO,HUAMALIES,PUÃOS,,
AYACUCHO,SUCRE,SANTIAGO DE PAUCARAY,-14.0441304,-73.6374396
CAJAMARCA,CONTUMAZA,TANTARICA,-7.2698246,-78.944504
ANCASH,HUAYLAS,HUALLANCA,-8.8191008,-77.8629209
JUNIN,JAUJA,MARCO,-11.7400666,-75.5612829
LIMA,HUARAL,ATAVILLOS ALTO,-11.2781472,-76.616084
HUANUCO,AMBO,CAYNA,-10.2723727,-76.3886207
JUNIN,SATIPO,LLAYLLA,-11.3814789,-74.5906234
ANCASH,MARISCAL LUZURR,FIDEL OLIVAS ESCUDERO,,
LIMA,HUAURA,SANTA LEONOR,-10.9554541,-76.6732653
PUNO,SAN ANTONIO DE,QUILCAPUNCU,-14.8929648,-69.7302897
HUANCAVELICA,HUANCAVELICA,YAULI,-12.7698467,-74.851089
AYACUCHO,PAUCAR DEL SARA,MARCABAMBA,-15.1498207,-73.3413923
PIURA,HUANCABAMBA,LALAQUIZ,-5.1778447,-79.6655743
ICA,NAZCA,EL INGENIO,-14.6451139,-75.0583569
CAJAMARCA,CAJAMARCA,LOS BAÃOS DEL INCA,,
HUANUCO,LAURICOCHA,BAÃOS,,
CAJAMARCA,SAN MIGUEL,SAN GREGORIO,-7.0571249,-79.0951175
AMAZONAS,BAGUA,COPALLIN,-5.6748583,-78.4229173
LORETO,DATEM DEL MARAÃON,MORONA,,
ANCASH,HUARMEY,MALVAS,-9.9294855,-77.6579418
UCAYALI,PADRE ABAD,CURIMANA,-8.4339919,-75.1532203
APURIMAC,COTABAMBAS,COTABAMBAS,-13.747131,-72.356232
HUANCAVELICA,TAYACAJA,ACRAQUIA,-12.4068422,-74.9013577
UCAYALI,ATALAYA,SEPAHUA,-11.1378792,-73.0452127
LIMA,HUAROCHIRI,SAN LORENZO DE QUINTI,-12.1456425,-76.2125565
APURIMAC,COTABAMBAS,TAMBOBAMBA,-13.9461814,-72.1745097
JUNIN,TARMA,PALCAMAYO,-11.2952088,-75.7718904
HUANUCO,HUAMALIES,JIRCAN,-9.2467919,-76.7191947
LIMA,CANETE,COAYLLO,-12.6523026,-76.4243572
HUANCAVELICA,ANGARAES,JULCAMARCA,-13.0143703,-74.4447304
EUROPA,ESPAÃA,NAN,,
CUSCO,CHUMBIVILCAS,QUIÃOTA,,
LAMBAYEQUE,LAMBAYEQUE,CHOCHOPE,-6.1577994,-79.6480109
CUSCO,QUISPICANCHI,ANDAHUAYLILLAS,-13.6739086,-71.6776479
HUANUCO,LAURICOCHA,SAN MIGUEL DE CAURI,-10.2906895,-76.6301615
SAN MARTIN,BELLAVISTA,BAJO BIAVO,-7.2175081,-76.2597931
AMAZONAS,CHACHAPOYAS,BALSAS,-6.8355968,-78.018516
LIMA,CANTA,HUAROS,-11.406225,-76.5757127
AREQUIPA,CAMANA,CAMANA,-16.6248458,-72.7114514
JUNIN,CONCEPCION,ACO,-11.9578405,-75.3673014
LIMA,OYON,COCHAMARCA,-10.8623528,-77.1288555
HUANCAVELICA,HUANCAVELICA,ACOBAMBILLA,-12.6643224,-75.3242455
LORETO,ALTO AMAZONAS,BALSAPUERTO,-5.831621,-76.5598614
AREQUIPA,CASTILLA,ORCOPAMPA,-15.2673473,-72.3435101
AMAZONAS,BONGARA,SHIPASBAMBA,-5.9099591,-77.9808638
AYACUCHO,VILCA HUAMAN,CARHUANCA,,
LA LIBERTAD,OTUZCO,USQUIL,-7.8154816,-78.4168122
AYACUCHO,VICTOR FAJARDO,HUANCARAYLLA,-13.7186797,-74.102109
ICA,ICA,OCUCAJE,-14.3470669,-75.6717561
PIURA,AYABACA,LAGUNAS,-4.7897345,-79.8451114
ANCASH,CARHUAZ,PARIAHUANCA,-9.3650327,-77.5806762
CUSCO,ESPINAR,PALLPATA,-14.9441364,-71.0799121
ANCASH,RECUAY,CATAC,-9.9244392,-77.3384783
AREQUIPA,AREQUIPA,QUEQUEÃA,,
CUSCO,CANCHIS,CHECACUPE,-14.0251714,-71.4535654
AYACUCHO,VILCA HUAMAN,VILCAS HUAMAN,,
AREQUIPA,AREQUIPA,UCHUMAYO,-16.4251651,-71.6727116
HUANUCO,DOS DE MAYO,SHUNQUI,-9.7311947,-76.7833329
LA LIBERTAD,OTUZCO,SINSICAP,-7.8515877,-78.7545356
CAJAMARCA,SAN MARCOS,EDUARDO VILLANUEVA,-7.4366446,-78.1476144
AMAZONAS,LUYA,PISUQUIA,-6.4703841,-78.0920018
CAJAMARCA,SAN MIGUEL,LLAPA,-6.9807634,-78.8076004
PASCO,PASCO,SIMON BOLIVAR,-10.7195033,-76.3777409
MADRE DE DIOS,MANU,HUEPETUHE,-12.9944387,-70.5269739
ANCASH,HUARI,HUANTAR,-9.4519782,-77.1763553
HUANCAVELICA,TAYACAJA,SAN MARCOS DE ROCCHAC,-12.0938577,-74.8636269
CAJAMARCA,CELENDIN,HUASMIN,-6.8376064,-78.2449857
ANCASH,BOLOGNESI,MANGAS,-10.3691135,-77.1034268
LA LIBERTAD,PATAZ,ONGON,-8.2076315,-76.9831223
ICA,PALPA,RIO GRANDE,-14.5200899,-75.2015081
SAN MARTIN,MOYOBAMBA,HABANA,-6.0817056,-77.0895207
LAMBAYEQUE,CHICLAYO,POMALCA,-6.7674263,-79.7774973
CUSCO,ANTA,ANCAHUASI,-13.4571382,-72.3005668
ANCASH,HUARI,CHAVIN DE HUANTAR,-9.5886299,-77.177664
AMERICA,NICARAGUA,NAN,,
ICA,PISCO,PARACAS,-13.8350425,-76.2496219
AYACUCHO,SUCRE,HUACAÃA,,
HUANUCO,AMBO,COLPAS,-10.2681315,-76.4153945
LA LIBERTAD,BOLIVAR,CONDORMARCA,-7.5430367,-77.5889964
ANCASH,HUARAZ,LA LIBERTAD,-9.6307038,-77.7095232
LA LIBERTAD,PATAZ,HUAYLILLAS,-8.1876887,-77.3431565
CAJAMARCA,SAN MIGUEL,CALQUIS,-6.9801252,-78.8499806
APURIMAC,GRAU,SAN ANTONIO,-14.1696426,-72.6232775
CAJAMARCA,CAJAMARCA,MATARA,-7.2750555,-78.2629041
ANCASH,POMABAMBA,QUINUABAMBA,-8.6971912,-77.3984743
LIMA,HUAROCHIRI,SANTIAGO DE ANCHUCAYA,-12.0955007,-76.2302171
CUSCO,CUSCO,CCORCA,-13.5844728,-72.0592279
PUNO,LAMPA,SANTA LUCIA,-15.6987668,-70.6065559
HUANUCO,HUAMALIES,CHAVIN DE PARIARCA,-9.4261524,-76.7566217
CUSCO,LA CONVENCION,QUELLOUNO,-12.6363708,-72.5570935
PUNO,HUANCANE,HUATASANI,-15.0596198,-69.8014014
LA LIBERTAD,ASCOPE,RAZURI,-7.6869321,-79.3836782
HUANCAVELICA,ANGARAES,SANTO TOMAS DE PATA,-13.1131122,-74.4193193
SAN MARTIN,SAN MARTIN,CHIPURANA,-6.4494511,-75.5991695
SAN MARTIN,SAN MARTIN,CACATACHI,-6.4635052,-76.4500777
SAN MARTIN,LAMAS,CUÃUMBUQUI,,
AREQUIPA,CAYLLOMA,LARI,-15.6233676,-71.7685005
JUNIN,CONCEPCION,MANZANARES,-12.0001258,-75.3636274
MADRE DE DIOS,TAHUAMANU,IBERIA,-11.4070896,-69.4892093
LIMA,YAUYOS,QUINOCAY,-12.3407057,-76.2801757
SAN MARTIN,SAN MARTIN,HUIMBAYOC,-6.4179853,-75.7681936
LA LIBERTAD,VIRU,GUADALUPITO,-8.9511379,-78.6247273
PUNO,YUNGUYO,YUNGUYO,-16.2442325,-69.0925538
LIMA,OYON,NAVAN,-10.86212,-77.039789
SAN MARTIN,PICOTA,SAN HILARION,-6.93478,-76.5106349
HUANCAVELICA,TAYACAJA,DANIEL HERNANDEZ,-12.3551351,-74.8309521
AYACUCHO,HUANTA,HUAMANGUILLA,-13.0112488,-74.1734964
ANCASH,YUNGAY,YANAMA,-9.0209145,-77.4710377
APURIMAC,GRAU,VIRUNDO,-14.2505609,-72.6810786
AREQUIPA,CARAVELI,QUICACHA,-15.6252546,-73.7984366
APURIMAC,GRAU,VILCABAMBA,-14.0777198,-72.6249943
AYACUCHO,VICTOR FAJARDO,ASQUIPATA,-14.0551088,-73.9096218
LIMA,YAUYOS,PUTINZA,-12.66266,-75.911285
CAJAMARCA,SAN PABLO,SAN BERNARDINO,-7.165292,-78.7831824
SAN MARTIN,EL DORADO,AGUA BLANCA,-6.7249951,-76.6954671
ANCASH,HUARI,RAHUAPAMPA,-9.3591241,-77.0785439
SAN MARTIN,LAMAS,SAN ROQUE DE CUMBAZA,-6.3859594,-76.4386109
LA LIBERTAD,PATAZ,TAURIJA,-8.307586,-77.4230687
PIURA,SECHURA,BERNAL,-5.4628508,-80.7423694
LIMA,HUARAL,VEINTISIETE DE NOVIEMBRE,,
ANCASH,SANTA,MACATE,-8.760613,-78.0612105
HUANUCO,HUACAYBAMBA,PINRA,-8.9248412,-77.0153552
HUANCAVELICA,ANGARAES,SAN ANTONIO DE ANTAPARCO,-13.0675991,-74.4351151
PUNO,SAN ROMAN,CARACOTO,-15.5678983,-70.1024942
AYACUCHO,HUAMANGA,TAMBILLO,-13.1945296,-74.1110216
AYACUCHO,HUANTA,SIVIA,-12.5115862,-73.8588
LIMA,HUAURA,PACCHO,-10.957453,-76.93297
MOQUEGUA,MARISCAL NIETO,SAMEGUA,-17.181909,-70.8999491
LORETO,DATEM DEL MARAÃON,BARRANCA,,
HUANUCO,MARANON,CHOLON,-8.646668,-76.7448914
HUANCAVELICA,HUANCAVELICA,CUENCA,-12.4331919,-75.0386638
HUANCAVELICA,HUAYTARA,TAMBO,-13.6895118,-75.2746802
LA LIBERTAD,ASCOPE,CHOCOPE,-7.7918461,-79.2226569
CAJAMARCA,CELENDIN,CHUMUCH,-6.6029568,-78.200322
APURIMAC,ANDAHUAYLAS,KAQUIABAMBA,-13.5323292,-73.2886036
LA LIBERTAD,ASCOPE,SANTIAGO DE CAO,-7.9604543,-79.2380208
JUNIN,CHUPACA,HUAMANCACA CHICO,-12.0809635,-75.2421078
LIMA,YAUYOS,CHOCOS,-12.927275,-75.9143335
LA LIBERTAD,JULCAN,CARABAMBA,-8.1128282,-78.6077347
ANCASH,SIHUAS,ALFONSO UGARTE,-8.4732866,-77.481472
LA LIBERTAD,SANTIAGO DE CHU,ANGASMARCA,,
AYACUCHO,HUAMANGA,OCROS,-13.3909666,-73.9153448
CUSCO,PAUCARTAMBO,PAUCARTAMBO,-13.3176052,-71.5959691
ANCASH,CORONGO,YUPAN,-8.6147333,-77.9687346
HUANCAVELICA,CASTROVIRREYNA,CHUPAMARCA,-13.0375725,-75.6097176
SAN MARTIN,MARISCAL CACERE,CAMPANILLA,,
TUMBES,TUMBES,SAN JUAN DE LA VIRGEN,-3.6460046,-80.404156
ANCASH,OCROS,OCROS,-10.4034734,-77.3967216
PASCO,DANIEL ALCIDES,TAPUC,-10.41885,-76.4641245
ICA,CHINCHA,CHAVIN,-13.0770802,-75.9129889
AMAZONAS,CHACHAPOYAS,HUANCAS,-6.1737297,-77.8647931
AYACUCHO,PARINACOCHAS,PULLO,-15.2103216,-73.8265885
PUNO,AZANGARO,ARAPA,-15.1391169,-70.1095722
ANCASH,ASUNCION,CHACAS,-9.1620773,-77.3660887
ANCASH,BOLOGNESI,AQUIA,-10.0745004,-77.1447485
APURIMAC,ANTABAMBA,HUAQUIRCA,-14.3398504,-72.8946361
SAN MARTIN,MOYOBAMBA,YANTALO,-5.9753278,-77.019882
ANCASH,OCROS,SAN PEDRO,-10.472651,-77.5774657
ANCASH,YUNGAY,QUILLO,-9.3287354,-78.0426198
JUNIN,CHUPACA,CHUPACA,-12.0617452,-75.2876533
LIMA,CANTA,CANTA,-11.4671178,-76.6239175
ANCASH,SANTA,COISHCO,-9.0227418,-78.6152844
LIMA,YAUYOS,TUPE,-12.7413521,-75.8094333
LORETO,REQUENA,ALTO TAPICHE,-6.7402458,-74.2664583
ANCASH,BOLOGNESI,SAN MIGUEL DE CORPANQUI,-10.2932268,-77.2064011
AMAZONAS,UTCUBAMBA,EL MILAGRO,-5.6376206,-78.55816
PUNO,AZANGARO,ACHAYA,-15.2852382,-70.1614836
ANCASH,ANTONIO RAYMOND,MIRGAS,,
JUNIN,HUANCAYO,SICAYA,-12.0151728,-75.2800852
CUSCO,QUISPICANCHI,OCONGATE,-13.6270195,-71.3883538
AREQUIPA,CAYLLOMA,CAYLLOMA,-15.1885771,-71.7729945
CUSCO,CHUMBIVILCAS,COLQUEMARCA,-14.2846792,-72.0407386
PUNO,CARABAYA,SAN GABAN,-13.5396038,-70.4087141
LIMA,HUAROCHIRI,MARIATANA,-12.2664462,-76.3681952
ANCASH,BOLOGNESI,LA PRIMAVERA,-10.3038965,-77.0985643
TACNA,TACNA,PACHIA,-17.8969358,-70.1547383
APURIMAC,GRAU,PROGRESO,-14.1042274,-72.4361084
AYACUCHO,VILCA HUAMAN,CONCEPCION,,
LIMA,HUAURA,LEONCIO PRADO,-11.0577733,-76.9183837
LIMA,CANETE,SANTA CRUZ DE FLORES,-12.619522,-76.6415226
AYACUCHO,VICTOR FAJARDO,HUAMANQUIQUIA,-13.7291512,-74.2719606
PUNO,SAN ANTONIO DE,PUTINA,-14.9141,-69.8684837
LAMBAYEQUE,CHICLAYO,CHONGOYAPE,-6.6434984,-79.3851288
ANCASH,HUAYLAS,HUATA,-9.0161061,-77.8619114
CAJAMARCA,SAN MARCOS,JOSE SABOGAL,-7.2144553,-77.9822936
SAN MARTIN,LAMAS,ZAPATERO,-6.5299906,-76.4942679
HUANCAVELICA,CASTROVIRREYNA,COCAS,-13.2759649,-75.3724533
AMAZONAS,LUYA,COCABAMBA,-6.6323195,-78.0132333
PUNO,YUNGUYO,CUTURAPI,-16.2700082,-69.177447
LORETO,MAYNAS,INDIANA,-3.4996924,-73.041948
APURIMAC,AYMARAES,LUCRE,-13.9496486,-73.2264093
LA LIBERTAD,PATAZ,BULDIBUYO,-8.1272065,-77.3950137
HUANUCO,HUAMALIES,SINGA,-9.3885999,-76.8126267
HUANCAVELICA,HUAYTARA,HUAYACUNDO ARMA,-13.5340073,-75.314588
LORETO,REQUENA,TAPICHE,-6.0299214,-73.9443246
CUSCO,CANCHIS,SAN PABLO,-14.201866,-71.31498
CAJAMARCA,CAJAMARCA,JESUS,-7.2489716,-78.3794946
CAJAMARCA,CHOTA,HUAMBOS,-6.4526579,-78.9609489
AREQUIPA,AREQUIPA,YURA,-16.2528829,-71.681378
ANCASH,SIHUAS,RAGASH,-8.5319341,-77.6659419
AYACUCHO,SUCRE,CHALCOS,-13.8477453,-73.7540891
CAJAMARCA,CHOTA,MIRACOSTA,-6.4047699,-79.2837793
LA LIBERTAD,JULCAN,CALAMARCA,-8.1700672,-78.4115144
AMAZONAS,LUYA,TINGO,-6.3903984,-77.9416773
AYACUCHO,LA MAR,CHUNGUI,-13.2220319,-73.621572
AMAZONAS,CHACHAPOYAS,CHUQUIBAMBA,-6.9347224,-77.8546995
PUNO,CARABAYA,CRUCERO,-14.3611964,-70.0234904
ANCASH,SIHUAS,QUICHES,-8.3950277,-77.4907
CUSCO,CANAS,QUEHUE,-14.3801173,-71.4553181
CAJAMARCA,CELENDIN,OXAMARCA,-7.0419042,-78.0680177
JUNIN,SATIPO,MAZAMARI,-11.3288086,-74.5306852
AREQUIPA,CASTILLA,CHOCO,-15.5769655,-72.1288562
ANCASH,HUARI,ANRA,-9.2336063,-76.9258158
HUANCAVELICA,ANGARAES,HUANCA-HUANCA,-12.9189354,-74.6101325
APURIMAC,AYMARAES,TORAYA,-14.0530843,-73.294551
CUSCO,LA CONVENCION,SANTA TERESA,-13.1301673,-72.594278
APURIMAC,ABANCAY,HUANIPACA,-13.4918729,-72.9335231
LIMA,HUAROCHIRI,HUACHUPAMPA,-11.6882621,-76.610784
PIURA,PIURA,EL TALLAN,-5.4413612,-80.6039452
CAJAMARCA,CHOTA,CHADIN,-6.434157,-78.4102176
PASCO,PASCO,HUARIACA,-10.4420288,-76.1894722
AREQUIPA,AREQUIPA,SACHACA,-16.425605,-71.5757898
JUNIN,CONCEPCION,SAN JOSE DE QUERO,-12.0854846,-75.5362388
AMAZONAS,LUYA,CONILA,-6.1153759,-78.2132816
SAN MARTIN,LAMAS,ALONSO DE ALVARADO,-6.29343,-76.782173
CUSCO,ANTA,CHINCHAYPUJIO,-13.6294563,-72.2328747
LIMA,YAUYOS,COLONIA,-12.6335725,-75.8902882
SAN MARTIN,SAN MARTIN,SHAPAJA,-6.579997,-76.2621546
ANCASH,HUARAZ,TARICA,-9.3954728,-77.491587
SAN MARTIN,BELLAVISTA,HUALLAGA,-7.3193011,-76.5436165
ANCASH,AIJA,CORIS,-9.8204769,-77.7190688
AMAZONAS,LUYA,OCALLI,-6.2353261,-78.2685931
SAN MARTIN,PICOTA,CASPISAPA,-6.9169052,-76.4216782
EUROPA,ITALIA,NAN,-23.3400823,-51.3813331
AREQUIPA,CAMANA,NICOLAS DE PIEROLA,-16.4736023,-72.6243389
AYACUCHO,LUCANAS,OTOCA,-14.4901743,-74.6864442
APURIMAC,AYMARAES,TAPAIRIHUA,-14.1413424,-73.1406114
PUNO,MELGAR,AYAVIRI,-14.8818397,-70.5900142
PASCO,DANIEL ALCIDES,SAN PEDRO DE PILLAO,-10.4389027,-76.4948711
SAN MARTIN,LAMAS,PINTO RECODO,-6.3793836,-76.6043562
PUNO,PUNO,HUATA,-15.615277,-69.9715376
LA LIBERTAD,PATAZ,HUANCASPATA,-8.4572986,-77.298332
HUANCAVELICA,CHURCAMPA,LA MERCED,-12.7882357,-74.3589274
AYACUCHO,LUCANAS,CHAVIÃA,,
ANCASH,SIHUAS,ACOBAMBA,-8.3261608,-77.5817182
HUANUCO,HUANUCO,YARUMAYO,-10.0044402,-76.468443
JUNIN,SATIPO,PAMPA HERMOSA,-11.4334433,-74.834495
CAJAMARCA,CAJAMARCA,LLACANORA,-7.1935919,-78.4266731
ANCASH,ANTONIO RAYMOND,CHACCHO,,
PIURA,MORROPON,SALITRAL,-5.3421136,-79.8325696
APURIMAC,ANDAHUAYLAS,CHIARA,-13.8671338,-73.6688012
ANCASH,AIJA,LA MERCED,-9.7354129,-77.6164507
AREQUIPA,LA UNION,TOMEPAMPA,-15.1726802,-72.8301444
CUSCO,QUISPICANCHI,LUCRE,-13.6337607,-71.7363891
HUANCAVELICA,ACOBAMBA,POMACOCHA,-12.8741295,-74.5316587
LIMA,YAUYOS,HUANTAN,-12.4562776,-75.8115551
HUANUCO,LAURICOCHA,QUEROPALCA,-10.1816645,-76.8045846
AYACUCHO,LUCANAS,SAISA,-14.9402449,-74.4167887
AMAZONAS,CONDORCANQUI,RIO SANTIAGO,-3.7542916,-77.9181529
PASCO,PASCO,HUACHON,-10.6364436,-75.9508096
CUSCO,QUISPICANCHI,URCOS,-13.6879153,-71.6255835
TACNA,TARATA,TARATA,-17.4747154,-70.0320713
AYACUCHO,VICTOR FAJARDO,VILCANCHOS,-13.6112354,-74.532601
LIMA,HUAROCHIRI,SANTIAGO DE TUNA,-11.9834409,-76.5253381
LORETO,UCAYALI,INAHUAYA,-7.1174827,-75.2645205
ANCASH,OCROS,COCHAS,-10.6569083,-77.4825987
CUSCO,ACOMAYA,POMACANCHI,,
AMAZONAS,LUYA,SANTO TOMAS,-6.5731418,-77.8656837
LA LIBERTAD,OTUZCO,CHARAT,-7.8236151,-78.4478236
AREQUIPA,CARAVELI,ATICO,-16.2084572,-73.6232865
TUMBES,TUMBES,SAN JACINTO,-3.8388292,-80.5194942
AMERICA,ECUADOR,NAN,,
PUNO,CARABAYA,OLLACHEA,-13.7940318,-70.4721998
HUANCAVELICA,TAYACAJA,QUISHUAR,-12.2439427,-74.7773826
CUSCO,PAUCARTAMBO,HUANCARANI,-13.5030022,-71.6546176
PASCO,PASCO,NINACACA,-10.855562,-76.112699
AREQUIPA,LA UNION,PUYCA,-15.0592325,-72.6918516
ANCASH,HUAYLAS,SANTO TORIBIO,-8.8645311,-77.9144344
CAJAMARCA,CAJAMARCA,SAN JUAN,-7.2917583,-78.4975638
AYACUCHO,VICTOR FAJARDO,CAYARA,-13.7950216,-73.9888655
AYACUCHO,LUCANAS,SAN CRISTOBAL,-14.7431742,-74.2224412
ANCASH,PALLASCA,SANTA ROSA,-8.5270766,-78.0672625
LA LIBERTAD,BOLIVAR,LONGOTEA,-7.0436074,-77.8720314
PIURA,PAITA,ARENAL,-4.8997998,-81.0320779
AMAZONAS,RODRIGUEZ DE ME,MILPUC,,
LIMA,CANTA,SAN BUENAVENTURA,-11.4892571,-76.6619965
APURIMAC,AYMARAES,SAN JUAN DE CHACÃA,,
JUNIN,SATIPO,RIO TAMBO,-11.5601313,-73.7843043
AYACUCHO,HUANCA SANCOS,SANTIAGO DE LUCANAMARCA,,
LORETO,PUTUMAYO,PUTUMAYO,-2.3030502,-73.4160112
AYACUCHO,HUAMANGA,SOCOS,-13.2146111,-74.2891989
HUANCAVELICA,CHURCAMPA,ANCO,-12.643635,-74.5724185
PUNO,CHUCUITO,POMATA,-16.2731488,-69.2921984
ANCASH,RECUAY,TAPACOCHA,-10.0101988,-77.5691553
AMAZONAS,BONGARA,YAMBRASBAMBA,-5.4705272,-77.8483829
JUNIN,HUANCAYO,CHICCHE,-12.2959624,-75.2977476
AMERICA,ESTADOS UNIDOS,NAN,,
LIMA,HUAROCHIRI,ANTIOQUIA,-12.0575632,-76.5611215
ANCASH,HUARI,HUACACHI,-9.3157113,-76.9387603
PUNO,HUANCANE,VILQUE CHICO,-15.157057,-69.6190604
ANCASH,BOLOGNESI,COLQUIOC,-10.2985154,-77.5835216
SAN MARTIN,TOCACHE,SHUNTE,-8.4133053,-76.8880286
PUNO,PUNO,CHUCUITO,-16.6336027,-69.3018083
LORETO,UCAYALI,VARGAS GUERRA,-6.9769051,-74.9580168
CAJAMARCA,CUTERVO,CHOROS,-5.9003238,-78.693769
PASCO,PASCO,TICLACAYAN,-10.6065401,-76.083933
ANCASH,HUARAZ,COLCABAMBA,-9.5947968,-77.8088477
APURIMAC,ANDAHUAYLAS,TUMAY HUARACA,-13.9690166,-73.4381941
AYACUCHO,HUAMANGA,PACAYCASA,-13.057084,-74.2145977
AMAZONAS,CONDORCANQUI,EL CENEPA,-4.0445016,-78.3559023
APURIMAC,GRAU,MAMARA,-14.228797,-72.5905334
HUANUCO,YARAWILCA,PAMPAMARCA,,
LA LIBERTAD,PATAZ,URPAY,-8.3479399,-77.3892967
AYACUCHO,SUCRE,SORAS,-14.1144908,-73.6040552
CUSCO,CALCA,LARES,-13.1041821,-72.0442395
CAJAMARCA,CHOTA,PACCHA,-6.4973639,-78.4234478
AYACUCHO,SUCRE,SAN PEDRO DE LARCAY,-14.168823,-73.5728159
CUSCO,CANCHIS,TINTA,-14.1456699,-71.4071824
ANCASH,HUAYLAS,PUEBLO LIBRE,-9.1512947,-77.8183525
AYACUCHO,PAUCAR DEL SARA,SAN JAVIER DE ALPABAMBA,-15.0566202,-73.3224254
ANCASH,PALLASCA,TAUCA,-8.4700269,-78.0378275
AYACUCHO,VICTOR FAJARDO,HUALLA,-13.8498374,-73.9508662
AMAZONAS,BONGARA,VALERA,-6.0783357,-77.8704203
AMAZONAS,LUYA,MARIA,-6.4293408,-77.9603576
ANCASH,CARHUAZ,ACOPAMPA,-9.2903458,-77.6090668
APURIMAC,ANDAHUAYLAS,PACOBAMBA,-13.6162624,-73.0859306
SAN MARTIN,BELLAVISTA,ALTO BIAVO,-7.7884679,-76.3385586
AMAZONAS,CHACHAPOYAS,CHILIQUIN,-6.0798116,-77.7560102
PIURA,PAITA,VICHAYAL,-4.84546,-81.104945
ANCASH,HUARI,HUACHIS,-9.4096271,-77.1002734
LA LIBERTAD,PACASMAYO,JEQUETEPEQUE,-7.3379078,-79.5632502
LIMA,OYON,CAUJUL,-10.805688,-76.9788841
ANCASH,SANTA,MORO,-9.1388841,-78.1830024
HUANCAVELICA,TAYACAJA,SURCUBAMBA,-12.1163321,-74.630159
SAN MARTIN,PICOTA,SHAMBOYACU,-7.0238211,-76.1330208
LA LIBERTAD,SANTIAGO DE CHU,QUIRUVILCA,,
CAJAMARCA,JAEN,SAN FELIPE,-5.7704483,-79.313728
AYACUCHO,LUCANAS,LARAMATE,-14.2864145,-74.8427964
ANCASH,OCROS,CARHUAPAMPA,-10.4983123,-77.2171778
SAN MARTIN,RIOJA,POSIC,-6.013986,-77.1618238
HUANCAVELICA,HUANCAVELICA,PALCA,-12.6566995,-74.9805785
AREQUIPA,LA UNION,TAURIA,-15.3545528,-73.2323916
LIMA,CANTA,ARAHUAY,-11.6213221,-76.6703384
HUANCAVELICA,HUAYTARA,SAN FRANCISCO DE SANGAYAICO,-13.7950345,-75.2489987
LIMA,CAJATAMBO,CAJATAMBO,-10.4726165,-76.9929816
HUANCAVELICA,ANGARAES,CCOCHACCASA,-12.9275399,-74.7699827
AYACUCHO,LA MAR,CHILCAS,-13.1714014,-73.9067773
APURIMAC,CHINCHEROS,COCHARCAS,-13.6102757,-73.7410053
PUNO,HUANCANE,INCHUPALLA,-15.0094132,-69.6825135
JUNIN,HUANCAYO,CULLHUAS,-12.2237833,-75.1705501
LIMA,YAUYOS,QUINCHES,-12.3074173,-76.1431739
HUANCAVELICA,ANGARAES,CHINCHO,-12.9728691,-74.3673271
CUSCO,URUBAMBA,MARAS,-13.3353489,-72.1564755
CUSCO,CANCHIS,SAN PEDRO,-14.1864622,-71.3435744
AYACUCHO,CANGALLO,CHUSCHI,-13.5850271,-74.3520026
JUNIN,CONCEPCION,ORCOTUNA,-11.9688991,-75.3097665
LAMBAYEQUE,CHICLAYO,PICSI,-6.7181436,-79.7702045
CUSCO,ACOMAYA,ACOPIA,,
SAN MARTIN,PICOTA,PUCACACA,-6.8500511,-76.3430875
UCAYALI,PURUS,PURUS,-9.76893,-70.7138
CUSCO,PARURO,PACCARITAMBO,-13.7565865,-71.9564872
LIMA,HUARAL,PACARAOS,-11.1855537,-76.647254
PUNO,LAMPA,CABANILLA,-15.6203163,-70.345873
SAN MARTIN,EL DORADO,SHATOJA,-6.5284471,-76.7198207
AMAZONAS,LUYA,SAN CRISTOBAL,-6.0777959,-77.9467902
JUNIN,HUANCAYO,CHUPURO,-12.155252,-75.2454579
PUNO,SANDIA,PATAMBUCO,-14.3597256,-69.6197547
MOQUEGUA,MARISCAL NIETO,SAN CRISTOBAL,-16.6697938,-70.6662215
CUSCO,PAUCARTAMBO,CHALLABAMBA,-13.2151286,-71.6485302
ANCASH,OCROS,ACAS,-10.4575334,-77.3274735
AREQUIPA,ISLAY,DEAN VALDIVIA,-17.1012765,-71.8318692
SAN MARTIN,HUALLAGA,SACANCHE,-7.1029798,-76.7818166
SAN MARTIN,RIOJA,YURACYACU,-5.9306085,-77.2262651
LA LIBERTAD,PATAZ,HUAYO,-8.004681,-77.5923049
TACNA,TARATA,SITAJARA,-17.3754321,-70.1339063
ANCASH,HUARI,UCO,-9.1883438,-76.9284693
AYACUCHO,SUCRE,QUEROBAMBA,-14.0113112,-73.8388183
ANCASH,MARISCAL LUZURR,MUSGA,,
MOQUEGUA,MARISCAL NIETO,CUCHUMBAYA,-16.7509756,-70.6861433
LA LIBERTAD,SANTIAGO DE CHU,SITABAMBA,,
LIMA,OYON,ANDAJES,-10.7925972,-76.9089114
PIURA,TALARA,LOBITOS,-4.452793,-81.2777126
HUANUCO,PUERTO INCA,HONORIA,-8.7152751,-74.6871746
ANCASH,POMABAMBA,PAROBAMBA,-8.6958388,-77.4300193
AREQUIPA,AREQUIPA,YARABAMBA,-16.5469355,-71.4752051
ANCASH,HUAYLAS,YURACMARCA,-8.7375001,-77.9039803
JUNIN,HUANCAYO,QUICHUAY,-11.8898124,-75.286375
LIMA,YAUYOS,TOMAS,-12.2383101,-75.7460249
APURIMAC,COTABAMBAS,COYLLURQUI,-13.8374408,-72.4321251
LA LIBERTAD,GRAN CHIMU,SAYAPULLO,-7.5954683,-78.4658832
HUANCAVELICA,HUAYTARA,SANTO DOMINGO DE CAPILLAS,-13.7368146,-75.2437
PUNO,MOHO,CONIMA,-15.4576993,-69.4380307
HUANUCO,HUAMALIES,MIRAFLORES,-9.4941859,-76.8186611
PUNO,PUNO,ACORA,-15.9735935,-69.7975749
ANCASH,BOLOGNESI,HUASTA,-10.1236042,-77.1464065
PUNO,MELGAR,ANTAUTA,-14.2997287,-70.2919047
CAJAMARCA,CHOTA,SAN JUAN DE LICUPIS,-6.4772439,-79.2481234
APURIMAC,ABANCAY,SAN PEDRO DE CACHORA,-13.487246,-72.7993767
ANCASH,BOLOGNESI,ANTONIO RAYMONDI,-10.2039425,-77.4856158
HUANCAVELICA,TAYACAJA,SALCABAMBA,-12.201982,-74.7807505
SAN MARTIN,MARISCAL CACERE,HUICUNGO,,
HUANCAVELICA,CHURCAMPA,CHINCHIHUASI,-12.5185266,-74.5477628
CUSCO,CANAS,CHECCA,-14.4734175,-71.3942846
HUANCAVELICA,ACOBAMBA,ANTA,-12.8121624,-74.6385209
JUNIN,JAUJA,SAUSA,-11.793178,-75.4828109
ANCASH,AIJA,AIJA,-9.780024,-77.6106358
CAJAMARCA,CAJAMARCA,COSPAN,-7.4270012,-78.5423093
CUSCO,ANTA,PUCYURA,-13.4793288,-72.1113614
AREQUIPA,CASTILLA,TIPAN,-15.7227452,-72.5020617
LAMBAYEQUE,CHICLAYO,PUCALA,-6.7813847,-79.6107119
LA LIBERTAD,ASCOPE,CASA GRANDE,-7.7446102,-79.1879884
HUANCAVELICA,TAYACAJA,LAMBRAS,-12.0512577,-74.656179
HUANUCO,LEONCIO PRADO,PUEBLO NUEVO,-9.0815627,-75.9649437
AYACUCHO,PARINACOCHAS,CORONEL CASTAÃEDA,,
CUSCO,LA CONVENCION,KUMPIRUSHIATO,-12.6170006,-73.1049823
APURIMAC,GRAU,PATAYPAMPA,-14.1774623,-72.6722163
PIURA,HUANCABAMBA,SONDOR,-5.3943603,-79.3594952
LIMA,YAUYOS,ALLAUCA,-12.5912073,-76.0371409
CAJAMARCA,SAN MARCOS,JOSE MANUEL QUIROZ,-7.3537249,-78.0111071
LORETO,LORETO,TIGRE,-3.0555554,-75.2118391
AREQUIPA,LA UNION,COTAHUASI,-15.2126221,-72.889254
LORETO,DATEM DEL MARAÃON,MANSERICHE,,
HUANUCO,DOS DE MAYO,QUIVILLA,-9.600044,-76.725922
UCAYALI,PADRE ABAD,HUIPOCA,-8.9778326,-75.4474695
LIMA,HUAROCHIRI,SAN PEDRO DE HUANCAYRE,-12.1304295,-76.2164694
CUSCO,CHUMBIVILCAS,LIVITACA,-14.3125299,-71.6895185
CUSCO,CANAS,LANGUI,-14.4324797,-71.2728865
PIURA,PIURA,VEINTISEIS DE OCTUBRE,-5.1773148,-80.6643517
PUNO,CARABAYA,MACUSANI,-14.0684826,-70.4313639
JUNIN,YAULI,SANTA BARBARA DE CARHUACAYAN,-11.2014863,-76.3433373
PASCO,DANIEL ALCIDES,VILCABAMBA,-10.4791215,-76.4472565
AYACUCHO,HUAMANGA,ANDRES AVELINO CACERES DORREGARAY,-13.1542569,-74.199401
AYACUCHO,HUANTA,AYAHUANCO,-12.6330163,-74.2911392
UCAYALI,CORONEL PORTILLO,MANANTAY,-8.5670673,-74.4858866
SAN MARTIN,PICOTA,TINGO DE PONASA,-6.9357566,-76.2539578
MADRE DE DIOS,TAHUAMANU,IÃAPARI,,
HUANUCO,MARANON,LA MORADA,-8.7947478,-76.2493712
LIMA,YAUYOS,CACRA,-12.8127753,-75.7831157
PUNO,EL COLLAO,PILCUYO,-16.1104755,-69.5542716
APURIMAC,ANTABAMBA,EL ORO,-14.1642812,-73.0431589
LORETO,MAYNAS,ALTO NANAY,-3.2681319,-74.3097829
CAJAMARCA,SAN MARCOS,GREGORIO PITA,-7.2214778,-78.1614798
TACNA,TACNA,LA YARADA LOS PALOS,-18.2115431,-70.450744
CAJAMARCA,CELENDIN,SOROCHUCO,-6.9116568,-78.2550906
AYACUCHO,LA MAR,PATIBAMBA,-13.0623293,-73.9418751
LORETO,ALTO AMAZONAS,SANTA CRUZ,-5.5133345,-75.8586131
ANCASH,YUNGAY,SHUPLUY,-9.217939,-77.6950655
JUNIN,JUNIN,ONDORES,-11.0837184,-76.1470415
AYACUCHO,LA MAR,SAMUGARI,-12.839777,-73.6944194
LA LIBERTAD,JULCAN,HUASO,-8.2245143,-78.4137337
AMERICA,ARGENTINA,NAN,,
HUANUCO,YARAWILCA,CHORAS,,
AYACUCHO,LA MAR,NINABAMBA,-13.0895924,-73.916184
HUANCAVELICA,CASTROVIRREYNA,ARMA,-13.119588,-75.4995574
JUNIN,CONCEPCION,CHAMBARA,-12.0274597,-75.3750545
LA LIBERTAD,SANCHEZ CARRION,CURGOS,-7.8602476,-77.94356
ANCASH,CARHUAZ,ATAQUERO,-9.2594018,-77.7070475
AMAZONAS,RODRIGUEZ DE ME,VISTA ALEGRE,,
SAN MARTIN,PICOTA,SAN CRISTOBAL,-6.9751119,-76.436615
CUSCO,LA CONVENCION,UNION ASHANINKA,,
SAN MARTIN,SAN MARTIN,SAUCE,-6.6903361,-76.2172506
HUANUCO,HUANUCO,SAN PABLO DE PILLAO,-9.7954978,-75.9955698
PUNO,PUNO,PAUCARCOLLA,-15.7451407,-70.0562522
TUMBES,CONTRALMIRANTE,CANOAS DE PUNTA SAL,-4.0122929,-80.889965
APURIMAC,ANDAHUAYLAS,JOSE MARIA ARGUEDAS,-13.8047365,-73.3270027
HUANCAVELICA,TAYACAJA,TINTAY PUNCU,-12.1819148,-74.564408
LIMA,HUARAL,ATAVILLOS BAJO,-11.347645,-76.7554965
CAJAMARCA,CUTERVO,LA RAMADA,-6.2120596,-78.5602617
LIMA,HUAROCHIRI,HUANZA,-11.6560309,-76.5033777
CUSCO,LA CONVENCION,VILLA KINTIARINA,-12.910516,-73.4779876
JUNIN,JAUJA,RICRAN,-11.542522,-75.5233267
APURIMAC,AYMARAES,YANACA,-14.2257993,-73.1601411
PUNO,MELGAR,NUÃOA,,
AREQUIPA,AREQUIPA,SABANDIA,-16.4522286,-71.4598871
LORETO,DATEM DEL MARAÃON,PASTAZA,,
HUANUCO,LEONCIO PRADO,CASTILLO GRANDE,-9.2780893,-76.0087127
HUANCAVELICA,HUAYTARA,LARAMARCA,-13.9484741,-75.0353852
HUANCAVELICA,HUANCAVELICA,HUANDO,-12.564374,-74.9472848
AREQUIPA,CAYLLOMA,ACHOMA,-15.6615552,-71.6999231
AYACUCHO,LUCANAS,LLAUTA,-14.2437107,-74.9199697
AREQUIPA,CARAVELI,CAHUACHO,-15.503149,-73.479701
PUNO,SANDIA,SAN PEDRO DE PUTINA PUNCO,-14.1119359,-69.0477528
LORETO,REQUENA,JENARO HERRERA,-4.9055783,-73.6686202
APURIMAC,AYMARAES,IHUAYLLO,-14.1334308,-73.2679351
LIMA,YAUYOS,HUAMPARA,-12.3602081,-76.1673655
AMAZONAS,BAGUA,EL PARCO,-5.6251674,-78.4756715
SAN MARTIN,SAN MARTIN,PAPAPLAYA,-6.2093223,-75.7815886
LIMA,CAJATAMBO,MANAS,-10.5953572,-77.1670582
LA LIBERTAD,BOLIVAR,UCHUMARCA,-7.0470027,-77.8056155
HUANCAVELICA,CHURCAMPA,PACHAMARCA,-12.5154459,-74.5263483
LORETO,REQUENA,EMILIO SAN MARTIN,-6.2736324,-74.5306917
LIMA,HUAROCHIRI,SAN JUAN DE TANTARANCHE,-12.113502,-76.1825917
HUANCAVELICA,CHURCAMPA,SAN PEDRO DE CORIS,-12.5781896,-74.411711
JUNIN,JAUJA,MASMA CHICCHE,-11.7743712,-75.3576469
SAN MARTIN,TOCACHE,SANTA LUCIA,-8.3469093,-76.3909468
CAJAMARCA,CELENDIN,MIGUEL IGLESIAS,-6.6774179,-78.2041829
NAN,NAN,NAN,-53.1399316,-70.8798843
